bin,classification,completeness,contamination,genome_size,contigs,percent_gc
3300020566-bin.19,d__Bacteria;p__Cyanobacteria;c__Cyanobacteriia;o__Cyanobacteriales;f__Phormidiaceae;g__Planktothrix;s__Planktothrix,93.27,0.11,3858354,451,39.9
3300020566-bin.3,d__Bacteria;p__Bacteroidota;c__Bacteroidia;o__Chitinophagales;f__Chitinophagaceae;g__JJ008;s__JJ008,76.07,0.99,1470926,230,48.2
3300020526-bin.18,d__Bacteria;p__Cyanobacteria;c__Cyanobacteriia;o__Cyanobacteriales;f__Nostocaceae;g__UKL13-PB;s__UKL13-PB,95.71,0.34,4009088,315,37.1
3300020540-bin.16,d__Bacteria;p__Proteobacteria;c__Gammaproteobacteria;o__Burkholderiales;f__Burkholderiaceae;g__Polynucleobacter;s__Polynucleobacter,75.54,0.41,1235711,214,46.1
3300020537-bin.6,d__Bacteria;p__Actinobacteriota;c__Actinobacteria;o__Nanopelagicales;f__Nanopelagicaceae;g__Nanopelagicus;s__Nanopelagicus,75.99,0.35,1029156,78,40.7
3300020549-bin.2,d__Bacteria;p__Actinobacteriota;c__Actinobacteria;o__Nanopelagicales;f__Nanopelagicaceae;g__Nanopelagicus;s__Nanopelagicus,75.23,1.23,998111,76,40.8
3300020487-bin.3,d__Bacteria;p__Cyanobacteria;c__Cyanobacteriia;o__Cyanobacteriales;f__Nostocaceae;g__UKL13-PB;s__UKL13-PB,97.79,0.67,4375691,203,37
3300020573-bin.18,d__Bacteria;p__Cyanobacteria;c__Cyanobacteriia;o__Cyanobacteriales;f__Microcystaceae;g__Microcystis;s__Microcystis,79.01,0.51,3479868,689,42.7
3300020556-bin.2,d__Bacteria;p__Actinobacteriota;c__Actinobacteria;o__Nanopelagicales;f__Nanopelagicaceae;g__Nanopelagicus;s__Nanopelagicus,76.91,0.79,1041911,75,40.7
3300020524-bin.15,d__Bacteria;p__Cyanobacteria;c__Cyanobacteriia;o__Cyanobacteriales;f__Nostocaceae;g__LE011-02;s__LE011-02,96.78,0,4782026,259,38
3300020535-bin.28,d__Bacteria;p__Cyanobacteria;c__Cyanobacteriia;o__Cyanobacteriales;f__Nostocaceae;g__UKL13-PB;s__UKL13-PB,77.53,1.11,3198828,564,37
3300020501-bin.15,d__Bacteria;p__Cyanobacteria;c__Cyanobacteriia;o__Cyanobacteriales;f__Phormidiaceae;g__Planktothrix;s__Planktothrix,95.48,0.22,4056456,399,39.9
3300020572-bin.17,d__Bacteria;p__Cyanobacteria;c__Cyanobacteriia;o__Cyanobacteriales;f__Nostocaceae;g__UKL13-PB;s__UKL13-PB,96.49,0.22,4070686,244,37.1
3300020532-bin.8,d__Bacteria;p__Cyanobacteria;c__Cyanobacteriia;o__Cyanobacteriales;f__Nostocaceae;g__LE011-02;s__LE011-02,97.22,0.22,4796389,277,38
3300020523-bin.16,d__Bacteria;p__Proteobacteria;c__Alphaproteobacteria;o__Pelagibacterales;f__Pelagibacteraceae;g__Fonsibacter;s__Fonsibacter,87.02,1.2,903539,118,29.6
3300020538-bin.22,d__Bacteria;p__Bacteroidota;c__Bacteroidia;o__Chitinophagales;f__Chitinophagaceae;g__UBA8137;s__UBA8137,86.18,1.23,1632138,218,36.2
3300020522-bin.6,d__Bacteria;p__Cyanobacteria;c__Cyanobacteriia;o__Cyanobacteriales;f__Nostocaceae;g__UKL13-PB;s__UKL13-PB,87.97,0.33,3453214,425,37.2
3300020555-bin.1,d__Bacteria;p__Cyanobacteria;c__Cyanobacteriia;o__Cyanobacteriales;f__Nostocaceae;g__UKL13-PB;s__UKL13-PB,94.8,0.45,3800267,336,37.3
3300020568-bin.25,d__Bacteria;p__Bacteroidota;c__Bacteroidia;o__Chitinophagales;f__Chitinophagaceae;g__JJ008;s__JJ008,95.07,0.99,1889639,82,48.3
3300020501-bin.10,d__Bacteria;p__Actinobacteriota;c__Actinobacteria;o__Nanopelagicales;f__Nanopelagicaceae;g__Nanopelagicus;s__Nanopelagicus,76.75,1.18,991738,74,40.7
3300020558-bin.9,d__Bacteria;p__Actinobacteriota;c__Actinobacteria;o__Nanopelagicales;f__Nanopelagicaceae;g__Nanopelagicus;s__Nanopelagicus,76.56,1.32,1035753,63,40.7
3300020564-bin.4,d__Bacteria;p__Cyanobacteria;c__Cyanobacteriia;o__Cyanobacteriales;f__Nostocaceae;g__UKL13-PB;s__UKL13-PB,90.37,0,3527720,411,37.3
3300020557-bin.7,d__Bacteria;p__Bacteroidota;c__Bacteroidia;o__NS11-12g;f__UBA955;g__UBA955;s__UBA955,95.08,0.82,1997574,193,45.9
3300020548-bin.6,d__Bacteria;p__Proteobacteria;c__Alphaproteobacteria;o__Pelagibacterales;f__Pelagibacteraceae;g__Fonsibacter;s__Fonsibacter,88.54,0.67,836275,122,29.6
3300020543-bin.10,d__Bacteria;p__Actinobacteriota;c__Actinobacteria;o__Nanopelagicales;f__Nanopelagicaceae;g__Nanopelagicus;s__Nanopelagicus,76.8,0.25,1044612,69,40.8
3300020483-bin.5,d__Bacteria;p__Actinobacteriota;c__Actinobacteria;o__Nanopelagicales;f__Nanopelagicaceae;g__Nanopelagicus;s__Nanopelagicus,78.8,2.06,1091477,73,40.8
3300020552-bin.13,d__Bacteria;p__Actinobacteriota;c__Actinobacteria;o__Nanopelagicales;f__Nanopelagicaceae;g__Nanopelagicus;s__Nanopelagicus,75.97,1.75,1021776,78,40.8
3300020486-bin.6,d__Bacteria;p__Cyanobacteria;c__Cyanobacteriia;o__Cyanobacteriales;f__Nostocaceae;g__UKL13-PB;s__UKL13-PB,97.05,0.22,4237138,188,37.1
3300020570-bin.13,d__Bacteria;p__Actinobacteriota;c__Actinobacteria;o__Nanopelagicales;f__Nanopelagicaceae;g__Nanopelagicus;s__Nanopelagicus,77.79,1.26,1027937,53,40.8
3300020569-bin.10,d__Bacteria;p__Proteobacteria;c__Gammaproteobacteria;o__Burkholderiales;f__Rhodocyclaceae;g__Sulfuritalea;s__Sulfuritalea,77.74,2.51,2480291,453,63
3300020490-bin.6,d__Bacteria;p__Cyanobacteria;c__Cyanobacteriia;o__Cyanobacteriales;f__Nostocaceae;g__UKL13-PB;s__UKL13-PB,98.16,0,4413662,111,37
3300021141-bin.30,d__Bacteria;p__Cyanobacteria;c__Cyanobacteriia;o__Cyanobacteriales;f__Nostocaceae;g__UKL13-PB;s__UKL13-PB,94.57,0.22,3750303,365,37.3
3300020544-bin.15,d__Bacteria;p__Actinobacteriota;c__Actinobacteria;o__Nanopelagicales;f__Nanopelagicaceae;g__Nanopelagicus;s__Nanopelagicus,75.84,0.53,1044942,74,40.7
3300021140-bin.18,d__Bacteria;p__Cyanobacteria;c__Cyanobacteriia;o__Cyanobacteriales;f__Nostocaceae;g__UKL13-PB;s__UKL13-PB,80.33,1.56,3424537,539,36.9
3300021140-bin.34,d__Bacteria;p__Bacteroidota;c__Bacteroidia;o__Chitinophagales;f__Chitinophagaceae;g__UBA8137;s__UBA8137,87.64,2.46,1682713,226,36.3
3300020491-bin.6,d__Bacteria;p__Cyanobacteria;c__Cyanobacteriia;o__Cyanobacteriales;f__Nostocaceae;g__UKL13-PB;s__UKL13-PB,99.15,0.22,4439240,127,37
3300020573-bin.16,d__Bacteria;p__Actinobacteriota;c__Actinobacteria;o__Nanopelagicales;f__Nanopelagicaceae;g__Nanopelagicus;s__Nanopelagicus,75.61,0.26,1002927,82,40.8
3300020528-bin.19,d__Bacteria;p__Actinobacteriota;c__Actinobacteria;o__Nanopelagicales;f__Nanopelagicaceae;g__Nanopelagicus;s__Nanopelagicus,79.02,1.22,1077450,78,40.8
3300020555-bin.16,d__Bacteria;p__Cyanobacteria;c__Cyanobacteriia;o__Cyanobacteriales;f__Phormidiaceae;g__Planktothrix;s__Planktothrix,97.71,0.95,4405293,375,39.6
3300020503-bin.2,d__Bacteria;p__Proteobacteria;c__Alphaproteobacteria;o__Pelagibacterales;f__Pelagibacteraceae;g__Fonsibacter;s__Fonsibacter,83.13,4.16,784862,121,29.6
3300020564-bin.23,d__Bacteria;p__Actinobacteriota;c__Actinobacteria;o__Nanopelagicales;f__Nanopelagicaceae;g__Nanopelagicus;s__Nanopelagicus,76.46,0.96,977687,80,40.8
3300020538-bin.25,d__Bacteria;p__Cyanobacteria;c__Cyanobacteriia;o__Cyanobacteriales;f__Nostocaceae;g__UKL13-PB;s__UKL13-PB,96.33,0.89,3988093,310,37.2
3300020541-bin.1,d__Bacteria;p__Cyanobacteria;c__Cyanobacteriia;o__Cyanobacteriales;f__Phormidiaceae;g__Planktothrix;s__Planktothrix,97.71,2.84,4759292,398,39.5
3300020481-bin.2,d__Bacteria;p__Cyanobacteria;c__Cyanobacteriia;o__Cyanobacteriales;f__Nostocaceae;g__UKL13-PB;s__UKL13-PB,95.82,0.56,4197120,262,37.1
3300020485-bin.5,d__Bacteria;p__Cyanobacteria;c__Cyanobacteriia;o__Cyanobacteriales;f__Nostocaceae;g__UKL13-PB;s__UKL13-PB,95.58,1.67,4297039,268,37
3300020575-bin.17,d__Bacteria;p__Actinobacteriota;c__Actinobacteria;o__Nanopelagicales;f__Nanopelagicaceae;g__Nanopelagicus;s__Nanopelagicus,75,0,979260,126,41.4
3300020542-bin.8,d__Bacteria;p__Cyanobacteria;c__Cyanobacteriia;o__Cyanobacteriales;f__Nostocaceae;g__LE011-02;s__LE011-02,98.33,0.22,4789593,274,38
3300020551-bin.7,d__Bacteria;p__Actinobacteriota;c__Actinobacteria;o__Nanopelagicales;f__Nanopelagicaceae;g__Nanopelagicus;s__Nanopelagicus,77.1,1.23,1067797,84,40.8
3300020534-bin.11,d__Bacteria;p__Proteobacteria;c__Gammaproteobacteria;o__Steroidobacterales;f__Steroidobacteraceae;g__UBA964;s__UBA964,85.37,1.15,2328727,251,67
3300020558-bin.29,d__Bacteria;p__Cyanobacteria;c__Cyanobacteriia;o__Cyanobacteriales;f__Phormidiaceae;g__Planktothrix;s__Planktothrix,87.72,1.71,4003258,539,39.4
3300020569-bin.5,d__Bacteria;p__Actinobacteriota;c__Actinobacteria;o__Nanopelagicales;f__Nanopelagicaceae;g__Nanopelagicus;s__Nanopelagicus,75.79,0.79,1035033,76,40.7
3300020520-bin.8,d__Bacteria;p__Cyanobacteria;c__Cyanobacteriia;o__Cyanobacteriales;f__Nostocaceae;g__UKL13-PB;s__UKL13-PB,96.1,0.78,3918708,344,37.1
3300020552-bin.2,d__Bacteria;p__Bacteroidota;c__Bacteroidia;o__Chitinophagales;f__Chitinophagaceae;g__UBA8137;s__UBA8137,80.31,2.93,1532307,298,36.3
3300020558-bin.4,d__Bacteria;p__Actinobacteriota;c__Actinobacteria;o__Nanopelagicales;f__Nanopelagicaceae;g__Nanopelagicus;s__Nanopelagicus,75.74,3.45,999037,108,41.4
3300020546-bin.23,d__Bacteria;p__Proteobacteria;c__Gammaproteobacteria;o__Burkholderiales;f__Burkholderiaceae;g__Polynucleobacter;s__Polynucleobacter,77.19,1.61,1278754,211,46.1
3300020547-bin.17,d__Bacteria;p__Actinobacteriota;c__Actinobacteria;o__Nanopelagicales;f__Nanopelagicaceae;g__Nanopelagicus;s__Nanopelagicus,77.31,0.59,1018845,72,40.8
3300020558-bin.18,d__Bacteria;p__Proteobacteria;c__Alphaproteobacteria;o__Pelagibacterales;f__Pelagibacteraceae;g__Fonsibacter;s__Fonsibacter,82.87,0,831182,132,28.7
3300020500-bin.9,d__Bacteria;p__Cyanobacteria;c__Cyanobacteriia;o__Cyanobacteriales;f__Nostocaceae;g__UKL13-PB;s__UKL13-PB,92.26,0.56,3750821,406,37.2
3300020568-bin.16,d__Bacteria;p__Actinobacteriota;c__Actinobacteria;o__Nanopelagicales;f__Nanopelagicaceae;g__Nanopelagicus;s__Nanopelagicus,77.21,0.26,1026722,60,40.7
3300020534-bin.16,d__Bacteria;p__Cyanobacteria;c__Cyanobacteriia;o__Cyanobacteriales;f__Nostocaceae;g__UKL13-PB;s__UKL13-PB,97.66,0.23,4211073,218,37.1
3300020555-bin.14,d__Bacteria;p__Cyanobacteria;c__Cyanobacteriia;o__Cyanobacteriales;f__Microcystaceae;g__Microcystis;s__Microcystis,75.98,1.17,3068544,647,42.6
3300020556-bin.6,d__Bacteria;p__Cyanobacteria;c__Cyanobacteriia;o__Synechococcales;f__Cyanobiaceae;g__PCC7001;s__,98.64,1.36,2859061,133,67.9
3300020527-bin.12,d__Bacteria;p__Cyanobacteria;c__Cyanobacteriia;o__Synechococcales;f__Cyanobiaceae;g__PCC7001;s__,98.1,1.59,2747952,152,68
3300020554-bin.6,d__Bacteria;p__Cyanobacteria;c__Cyanobacteriia;o__Synechococcales;f__Cyanobiaceae;g__PCC7001;s__,99.18,0.82,2904019,54,67.8
3300020536-bin.5,d__Bacteria;p__Cyanobacteria;c__Cyanobacteriia;o__Synechococcales;f__Cyanobiaceae;g__PCC7001;s__,99.18,0.82,2924451,62,67.7
3300020506-bin.8,d__Bacteria;p__Cyanobacteria;c__Cyanobacteriia;o__Synechococcales;f__Cyanobiaceae;g__PCC7001;s__,98.64,0.82,2864493,136,67.8
3300020553-bin.5,d__Bacteria;p__Cyanobacteria;c__Cyanobacteriia;o__Synechococcales;f__Cyanobiaceae;g__PCC7001;s__,100,0.82,2955828,52,67.6
3300020533-bin.8,d__Bacteria;p__Cyanobacteria;c__Cyanobacteriia;o__Synechococcales;f__Cyanobiaceae;g__PCC7001;s__,89.54,2.45,2572950,310,67.9
3300020509-bin.3,d__Bacteria;p__Cyanobacteria;c__Cyanobacteriia;o__Synechococcales;f__Cyanobiaceae;g__PCC7001;s__,99.18,0.68,3028046,86,67.5
3300020530-bin.5,d__Bacteria;p__Cyanobacteria;c__Cyanobacteriia;o__Synechococcales;f__Cyanobiaceae;g__PCC7001;s__,97.83,0.82,2880921,71,67.8
3300020549-bin.11,d__Bacteria;p__Cyanobacteria;c__Cyanobacteriia;o__Synechococcales;f__Cyanobiaceae;g__PCC7001;s__,98.28,1.36,2823801,162,67.9
3300020510-bin.10,d__Bacteria;p__Cyanobacteria;c__Cyanobacteriia;o__Synechococcales;f__Cyanobiaceae;g__PCC7001;s__,95.38,1.77,2533127,173,68.3
3300020550-bin.4,d__Bacteria;p__Cyanobacteria;c__Cyanobacteriia;o__Synechococcales;f__Cyanobiaceae;g__PCC7001;s__,82.34,1.77,2080522,381,68.6
3300020569-bin.18,d__Bacteria;p__Cyanobacteria;c__Cyanobacteriia;o__Synechococcales;f__Cyanobiaceae;g__PCC7001;s__,92.12,1.77,2412466,295,68.7
3300020521-bin.16,d__Bacteria;p__Cyanobacteria;c__Cyanobacteriia;o__Synechococcales;f__Cyanobiaceae;g__PCC7001;s__,89.99,3.05,2286296,282,68.4
3300020499-bin.9,d__Bacteria;p__Cyanobacteria;c__Cyanobacteriia;o__Synechococcales;f__Cyanobiaceae;g__PCC7001;s__,94.92,1.36,2605293,203,68.1
3300020518-bin.9,d__Bacteria;p__Cyanobacteria;c__Cyanobacteriia;o__Synechococcales;f__Cyanobiaceae;g__Vulcanococcus;s__,85.45,2.07,2168131,293,68
3300020547-bin.20,d__Bacteria;p__Cyanobacteria;c__Cyanobacteriia;o__Synechococcales;f__Cyanobiaceae;g__Vulcanococcus;s__,94.52,2.26,2389223,225,68
3300020498-bin.7,d__Bacteria;p__Cyanobacteria;c__Cyanobacteriia;o__Synechococcales;f__Cyanobiaceae;g__;s__,98.64,1.22,3712050,101,65
3300020551-bin.8,d__Bacteria;p__Cyanobacteria;c__Cyanobacteriia;o__Synechococcales;f__Cyanobiaceae;g__;s__,99.18,0.54,3712937,71,65
3300020539-bin.13,d__Bacteria;p__Cyanobacteria;c__Cyanobacteriia;o__Synechococcales;f__Cyanobiaceae;g__;s__,98.64,0.91,3344527,137,65.6
3300020539-bin.6,d__Bacteria;p__Cyanobacteria;c__Cyanobacteriia;o__Synechococcales;f__Cyanobiaceae;g__;s__,97.01,2.55,2963442,276,61.9
3300020571-bin.11,d__Bacteria;p__Cyanobacteria;c__Cyanobacteriia;o__Synechococcales;f__Cyanobiaceae;g__;s__,99.18,0.54,2990612,123,63.3
3300020536-bin.4,d__Bacteria;p__Cyanobacteria;c__Cyanobacteriia;o__Synechococcales;f__Cyanobiaceae;g__;s__,97.92,0.82,2760056,196,63.6
3300020557-bin.12,d__Bacteria;p__Cyanobacteria;c__Cyanobacteriia;o__Synechococcales;f__Cyanobiaceae;g__;s__,82.9,1.91,2399512,380,62.7
3300020568-bin.26,d__Bacteria;p__Cyanobacteria;c__Cyanobacteriia;o__Synechococcales;f__Cyanobiaceae;g__;s__,98.91,1.09,2906799,137,63.5
3300020533-bin.3,d__Bacteria;p__Cyanobacteria;c__Cyanobacteriia;o__Synechococcales;f__Cyanobiaceae;g__;s__,88.63,1.09,2498408,416,62.7
3300020517-bin.16,d__Bacteria;p__Cyanobacteria;c__Cyanobacteriia;o__Cyanobacteriales;f__Microcystaceae;g__Synechocystis;s__,92.58,1.31,4826932,546,42
3300020558-bin.31,d__Bacteria;p__Cyanobacteria;c__Vampirovibrionia;o__Caenarcaniphilales;f__Caenarcanaceae;g__;s__,93.81,0,2346779,235,35
3300020544-bin.2,d__Bacteria;p__Actinobacteriota;c__Actinobacteria;o__Actinomycetales;f__Microbacteriaceae;g__Aquiluna;s__,86.17,1.93,1167181,99,50.8
3300020520-bin.13,d__Bacteria;p__Actinobacteriota;c__Actinobacteria;o__Actinomycetales;f__Microbacteriaceae;g__Rhodoluna;s__,89.84,1.16,1324152,67,46.3
3300020572-bin.32,d__Bacteria;p__Actinobacteriota;c__Actinobacteria;o__Actinomycetales;f__Microbacteriaceae;g__Rhodoluna;s__,90.61,1.7,1326201,74,46.3
3300020512-bin.3,d__Bacteria;p__Actinobacteriota;c__Actinobacteria;o__Actinomycetales;f__Microbacteriaceae;g__Rhodoluna;s__,89.87,1.21,1343553,68,46.3
3300020562-bin.13,d__Bacteria;p__Actinobacteriota;c__Actinobacteria;o__Actinomycetales;f__Microbacteriaceae;g__Rhodoluna;s__,88.92,2.02,1336106,71,46.3
3300020560-bin.20,d__Bacteria;p__Actinobacteriota;c__Actinobacteria;o__Actinomycetales;f__Microbacteriaceae;g__Rhodoluna;s__,89.11,0.19,1315603,51,46.3
3300020538-bin.15,d__Bacteria;p__Actinobacteriota;c__Actinobacteria;o__Actinomycetales;f__Microbacteriaceae;g__Rhodoluna;s__,81.45,2.02,1233688,154,52.9
3300020497-bin.26,d__Bacteria;p__Actinobacteriota;c__Actinobacteria;o__Actinomycetales;f__Microbacteriaceae;g__Rhodoluna;s__,83.59,1.45,1115662,80,49
3300020540-bin.24,d__Bacteria;p__Actinobacteriota;c__Actinobacteria;o__Actinomycetales;f__Microbacteriaceae;g__Rhodoluna;s__,77.36,4.91,1050313,181,50.2
3300020538-bin.9,d__Bacteria;p__Actinobacteriota;c__Actinobacteria;o__Actinomycetales;f__Microbacteriaceae;g__Rhodoluna;s__,85.34,2.1,1289147,141,55.3
3300020500-bin.11,d__Bacteria;p__Actinobacteriota;c__Actinobacteria;o__Actinomycetales;f__Microbacteriaceae;g__Rhodoluna;s__,87.13,1.02,1335224,117,55.2
3300020538-bin.8,d__Bacteria;p__Actinobacteriota;c__Actinobacteria;o__Actinomycetales;f__Microbacteriaceae;g__Rhodoluna;s__,79.06,1.64,1014848,144,50.2
3300020495-bin.14,d__Bacteria;p__Actinobacteriota;c__Actinobacteria;o__Actinomycetales;f__Microbacteriaceae;g__Rhodoluna;s__,77.89,1.49,894304,149,50.2
3300020534-bin.25,d__Bacteria;p__Actinobacteriota;c__Actinobacteria;o__Actinomycetales;f__Microbacteriaceae;g__Rhodoluna;s__,77.66,1.88,895242,140,50.2
3300020520-bin.10,d__Bacteria;p__Actinobacteriota;c__Actinobacteria;o__Actinomycetales;f__Microbacteriaceae;g__Rhodoluna;s__,77.59,2.89,985145,166,50.2
3300020497-bin.29,d__Bacteria;p__Actinobacteriota;c__Actinobacteria;o__Actinomycetales;f__Microbacteriaceae;g__Rhodoluna;s__,82.18,1.79,1035471,161,50.2
3300020572-bin.31,d__Bacteria;p__Actinobacteriota;c__Actinobacteria;o__Actinomycetales;f__Microbacteriaceae;g__Rhodoluna;s__,81.52,2.7,1014138,146,50.2
3300020540-bin.4,d__Bacteria;p__Actinobacteriota;c__Actinobacteria;o__Actinomycetales;f__Microbacteriaceae;g__Rhodoluna;s__,84.12,2.6,1192163,140,49.4
3300020562-bin.18,d__Bacteria;p__Actinobacteriota;c__Actinobacteria;o__Actinomycetales;f__Microbacteriaceae;g__Rhodoluna;s__,84.12,3.47,1074887,146,50.2
3300020560-bin.30,d__Bacteria;p__Actinobacteriota;c__Actinobacteria;o__Actinomycetales;f__Microbacteriaceae;g__Rhodoluna;s__,85.17,3.37,1063131,146,50.2
3300020500-bin.1,d__Bacteria;p__Actinobacteriota;c__Actinobacteria;o__Actinomycetales;f__Microbacteriaceae;g__Rhodoluna;s__,77.94,1.3,972962,156,50.2
3300020563-bin.21,d__Bacteria;p__Actinobacteriota;c__Actinobacteria;o__Actinomycetales;f__Microbacteriaceae;g__Rhodoluna;s__,81.52,1.64,1015991,133,50.2
3300021141-bin.24,d__Bacteria;p__Actinobacteriota;c__Actinobacteria;o__Nanopelagicales;f__Nanopelagicaceae;g__Planktophila;s__,75.62,7.02,1339146,205,47.6
3300020534-bin.13,d__Bacteria;p__Actinobacteriota;c__Actinobacteria;o__Nanopelagicales;f__Nanopelagicaceae;g__Planktophila;s__,85.21,0.79,1337114,91,48.1
3300020492-bin.4,d__Bacteria;p__Actinobacteriota;c__Actinobacteria;o__Nanopelagicales;f__Nanopelagicaceae;g__Planktophila;s__,76.12,3.11,1019048,157,45.1
3300021140-bin.33,d__Bacteria;p__Actinobacteriota;c__Actinobacteria;o__Nanopelagicales;f__Nanopelagicaceae;g__Planktophila;s__,81.83,1.31,1172618,80,45.2
3300020575-bin.19,d__Bacteria;p__Actinobacteriota;c__Actinobacteria;o__Nanopelagicales;f__Nanopelagicaceae;g__Planktophila;s__,80.1,1.55,1139769,178,45.9
3300020556-bin.9,d__Bacteria;p__Actinobacteriota;c__Actinobacteria;o__Nanopelagicales;f__Nanopelagicaceae;g__Planktophila;s__,83.15,1.75,1216607,100,46
3300020563-bin.7,d__Bacteria;p__Actinobacteriota;c__Actinobacteria;o__Nanopelagicales;f__Nanopelagicaceae;g__Planktophila;s__,75.79,1.42,1107066,164,45.9
3300020503-bin.10,d__Bacteria;p__Actinobacteriota;c__Actinobacteria;o__Nanopelagicales;f__Nanopelagicaceae;g__Planktophila;s__,75.55,1.93,1141754,175,45.8
3300020517-bin.2,d__Bacteria;p__Actinobacteriota;c__Actinobacteria;o__Nanopelagicales;f__Nanopelagicaceae;g__Planktophila;s__,79.81,0.83,1224783,138,45.9
3300020573-bin.9,d__Bacteria;p__Actinobacteriota;c__Actinobacteria;o__Nanopelagicales;f__Nanopelagicaceae;g__Planktophila;s__,80.47,1.23,1207711,134,45.9
3300020552-bin.8,d__Bacteria;p__Actinobacteriota;c__Actinobacteria;o__Nanopelagicales;f__Nanopelagicaceae;g__Planktophila;s__,75.77,1.05,1149401,133,45.9
3300020497-bin.9,d__Bacteria;p__Actinobacteriota;c__Actinobacteria;o__Nanopelagicales;f__Nanopelagicaceae;g__Planktophila;s__,77.9,3.19,1198412,190,45.9
3300021141-bin.35,d__Bacteria;p__Actinobacteriota;c__Actinobacteria;o__Nanopelagicales;f__Nanopelagicaceae;g__Planktophila;s__,80.27,0,1078250,95,44.4
3300020573-bin.11,d__Bacteria;p__Actinobacteriota;c__Actinobacteria;o__Nanopelagicales;f__Nanopelagicaceae;g__;s__,78.88,0,1457006,71,46.3
3300020537-bin.26,d__Bacteria;p__Actinobacteriota;c__Actinobacteria;o__Nanopelagicales;f__Nanopelagicaceae;g__Nanopelagicus;s__,76.35,0,870196,98,39.8
3300020538-bin.4,d__Bacteria;p__Actinobacteriota;c__Actinobacteria;o__Nanopelagicales;f__Nanopelagicaceae;g__Nanopelagicus;s__,75.08,1.58,1002670,96,39.9
3300020534-bin.5,d__Bacteria;p__Actinobacteriota;c__Actinobacteria;o__Nanopelagicales;f__Nanopelagicaceae;g__Nanopelagicus;s__,75.44,0.26,975025,99,40
3300021140-bin.11,d__Bacteria;p__Actinobacteriota;c__Actinobacteria;o__Nanopelagicales;f__Nanopelagicaceae;g__Nanopelagicus;s__,75.47,2.37,990551,106,39.9
3300020540-bin.20,d__Bacteria;p__Actinobacteriota;c__Actinobacteria;o__Nanopelagicales;f__Nanopelagicaceae;g__Nanopelagicus;s__,77.76,0,900323,109,39.8
3300020537-bin.13,d__Bacteria;p__Actinobacteriota;c__Actinobacteria;o__Nanopelagicales;f__Nanopelagicaceae;g__MAG-120802;s__,79.33,0.29,1113673,145,44.1
3300020546-bin.5,d__Bacteria;p__Actinobacteriota;c__Actinobacteria;o__Nanopelagicales;f__Nanopelagicaceae;g__MAG-120802;s__,79.99,1.89,1079794,123,44.2
3300020570-bin.12,d__Bacteria;p__Actinobacteriota;c__Actinobacteria;o__Nanopelagicales;f__Nanopelagicaceae;g__MAG-120802;s__,78.11,0.88,1185735,112,47.9
3300020516-bin.14,d__Bacteria;p__Actinobacteriota;c__Actinobacteria;o__Nanopelagicales;f__Nanopelagicaceae;g__MAG-120802;s__,80.85,0.18,1185293,104,47.9
3300020501-bin.7,d__Bacteria;p__Actinobacteriota;c__Actinobacteria;o__Nanopelagicales;f__Nanopelagicaceae;g__MAG-120802;s__,80.63,0.63,1126286,126,48.9
3300020518-bin.1,d__Bacteria;p__Actinobacteriota;c__Actinobacteria;o__Nanopelagicales;f__Nanopelagicaceae;g__MAG-120802;s__,80.49,0.94,1097403,143,48.9
3300020570-bin.15,d__Bacteria;p__Actinobacteriota;c__Actinobacteria;o__Nanopelagicales;f__Nanopelagicaceae;g__MAG-120802;s__,84.09,0.18,1246202,86,48.9
3300020551-bin.11,d__Bacteria;p__Actinobacteriota;c__Actinobacteria;o__Nanopelagicales;f__Nanopelagicaceae;g__MAG-120802;s__,85.63,0.87,1257991,57,48.9
3300020499-bin.8,d__Bacteria;p__Actinobacteriota;c__Actinobacteria;o__Nanopelagicales;f__Nanopelagicaceae;g__MAG-120802;s__,77.33,0.66,1122550,126,48.9
3300020547-bin.4,d__Bacteria;p__Actinobacteriota;c__Actinobacteria;o__Nanopelagicales;f__Nanopelagicaceae;g__MAG-120802;s__,85.36,0.45,1279585,77,48.8
3300020516-bin.16,d__Bacteria;p__Actinobacteriota;c__Actinobacteria;o__Nanopelagicales;f__Nanopelagicaceae;g__MAG-120802;s__,83.41,0.18,1223423,65,48.9
3300020566-bin.6,d__Bacteria;p__Actinobacteriota;c__Actinobacteria;o__Nanopelagicales;f__Nanopelagicaceae;g__MAG-120802;s__,81.93,1.32,1231161,75,48.9
3300021140-bin.57,d__Bacteria;p__Actinobacteriota;c__Actinobacteria;o__Nanopelagicales;f__Nanopelagicaceae;g__UBA3012;s__,84.88,1.59,1350024,142,43.7
3300020569-bin.14,d__Bacteria;p__Actinobacteriota;c__Actinobacteria;o__Nanopelagicales;f__AcAMD-5;g__ATZT02;s__,79.96,2.97,1174524,115,38.8
3300020557-bin.24,d__Bacteria;p__Actinobacteriota;c__Actinobacteria;o__Nanopelagicales;f__AcAMD-5;g__ATZT02;s__,82.45,2.8,1191111,102,38.8
3300020496-bin.10,d__Bacteria;p__Actinobacteriota;c__Actinobacteria;o__Nanopelagicales;f__AcAMD-5;g__ATZT02;s__,75.03,1.58,1101057,114,38.7
3300020568-bin.11,d__Bacteria;p__Actinobacteriota;c__Actinobacteria;o__Nanopelagicales;f__AcAMD-5;g__ATZT02;s__,80.64,2.3,1182247,97,38.8
3300020546-bin.9,d__Bacteria;p__Actinobacteriota;c__Actinobacteria;o__Nanopelagicales;f__AcAMD-5;g__ATZT02;s__,78.44,1.99,1155261,99,38.7
3300020521-bin.11,d__Bacteria;p__Actinobacteriota;c__Actinobacteria;o__Nanopelagicales;f__AcAMD-5;g__ATZT02;s__,78.23,0.18,1155313,94,38.8
3300020553-bin.14,d__Bacteria;p__Actinobacteriota;c__Actinobacteria;o__Nanopelagicales;f__AcAMD-5;g__ATZT02;s__,76.32,1.02,1103684,102,38.8
3300020501-bin.9,d__Bacteria;p__Actinobacteriota;c__Actinobacteria;o__Nanopelagicales;f__AcAMD-5;g__ATZT02;s__,77.22,2,1048376,122,38.8
3300020536-bin.15,d__Bacteria;p__Actinobacteriota;c__Actinobacteria;o__Nanopelagicales;f__AcAMD-5;g__ATZT02;s__,76.5,0.91,1116131,90,38.7
3300020544-bin.21,d__Bacteria;p__Actinobacteriota;c__Actinobacteria;o__Nanopelagicales;f__AcAMD-5;g__ATZT02;s__,76.88,1.08,1131024,102,38.7
3300020564-bin.9,d__Bacteria;p__Actinobacteriota;c__Actinobacteria;o__Nanopelagicales;f__AcAMD-5;g__ATZT02;s__,76.09,2.19,1108923,126,38.7
3300020518-bin.6,d__Bacteria;p__Actinobacteriota;c__Actinobacteria;o__Nanopelagicales;f__AcAMD-5;g__ATZT02;s__,75.82,0.86,1067184,112,38.7
3300020558-bin.11,d__Bacteria;p__Actinobacteriota;c__Actinobacteria;o__Nanopelagicales;f__AcAMD-5;g__ATZT02;s__,79.4,1.62,1135330,77,38.7
3300020528-bin.7,d__Bacteria;p__Actinobacteriota;c__Actinobacteria;o__Nanopelagicales;f__AcAMD-5;g__ATZT02;s__,77.98,2.35,1122251,120,38.7
3300020516-bin.10,d__Bacteria;p__Actinobacteriota;c__Actinobacteria;o__Nanopelagicales;f__AcAMD-5;g__ATZT02;s__,77.16,1.41,1058575,101,38.7
3300020509-bin.2,d__Bacteria;p__Actinobacteriota;c__Actinobacteria;o__Nanopelagicales;f__AcAMD-5;g__ATZT02;s__,80.64,4.18,1192019,102,38.8
3300021140-bin.29,d__Bacteria;p__Actinobacteriota;c__Actinobacteria;o__Nanopelagicales;f__AcAMD-5;g__ATZT02;s__,76.39,0.65,1100126,113,38.8
3300020573-bin.33,d__Bacteria;p__Actinobacteriota;c__Actinobacteria;o__Nanopelagicales;f__AcAMD-5;g__ATZT02;s__,79.26,1.86,1144872,106,38.7
3300020554-bin.15,d__Bacteria;p__Actinobacteriota;c__Actinobacteria;o__Nanopelagicales;f__AcAMD-5;g__ATZT02;s__,77.78,1.67,1133290,102,38.8
3300020519-bin.11,d__Bacteria;p__Actinobacteriota;c__Actinobacteria;o__Nanopelagicales;f__AcAMD-5;g__ATZT02;s__,77.49,0.99,1086887,110,38.7
3300020497-bin.20,d__Bacteria;p__Actinobacteriota;c__Acidimicrobiia;o__Microtrichales;f__UBA8139;g__;s__,75.59,20.49,2448137,485,58.1
3300020499-bin.7,d__Bacteria;p__Actinobacteriota;c__Acidimicrobiia;o__Microtrichales;f__UBA8139;g__;s__,85.47,2.14,1796883,296,67.1
3300020516-bin.11,d__Bacteria;p__Actinobacteriota;c__Acidimicrobiia;o__Microtrichales;f__UBA8139;g__;s__,93.16,2.28,2089271,246,67.2
3300020535-bin.8,d__Bacteria;p__Actinobacteriota;c__Acidimicrobiia;o__Microtrichales;f__UBA8139;g__;s__,88.46,2.56,1856108,283,67
3300020544-bin.1,d__Bacteria;p__Actinobacteriota;c__Acidimicrobiia;o__Microtrichales;f__UBA8139;g__;s__,88.03,1.28,1981921,246,67.1
3300020559-bin.1,d__Bacteria;p__Actinobacteriota;c__Acidimicrobiia;o__Microtrichales;f__UBA8139;g__;s__,98.29,1.28,2245570,151,67.2
3300020509-bin.4,d__Bacteria;p__Actinobacteriota;c__Acidimicrobiia;o__Microtrichales;f__UBA8139;g__;s__,100,2.14,2331221,94,67.2
3300020521-bin.5,d__Bacteria;p__Actinobacteriota;c__Acidimicrobiia;o__Microtrichales;f__UBA8139;g__;s__,100,2.23,2275580,123,67.2
3300020531-bin.9,d__Bacteria;p__Actinobacteriota;c__Acidimicrobiia;o__Microtrichales;f__UBA8139;g__;s__,95.3,2.14,2153495,232,67.2
3300020568-bin.24,d__Bacteria;p__Actinobacteriota;c__Acidimicrobiia;o__Microtrichales;f__UBA8139;g__;s__,87.18,2.14,1797771,295,67.1
3300021141-bin.33,d__Bacteria;p__Actinobacteriota;c__Acidimicrobiia;o__Microtrichales;f__Ilumatobacteraceae;g__UBA3006;s__,85.47,4.7,1399037,239,51.7
3300021140-bin.20,d__Bacteria;p__Actinobacteriota;c__Acidimicrobiia;o__Microtrichales;f__Ilumatobacteraceae;g__UBA3006;s__,85.9,2.14,1506259,209,51.8
3300020512-bin.9,d__Bacteria;p__Actinobacteriota;c__Acidimicrobiia;o__Microtrichales;f__Ilumatobacteraceae;g__UBA3006;s__,83.48,3.85,1387351,209,51.8
3300020566-bin.2,d__Bacteria;p__Actinobacteriota;c__Acidimicrobiia;o__Microtrichales;f__Ilumatobacteraceae;g__UBA3006;s__,84.19,1.79,1398075,212,51.9
3300020504-bin.11,d__Bacteria;p__Actinobacteriota;c__Acidimicrobiia;o__Microtrichales;f__Ilumatobacteraceae;g__UBA3006;s__,84.47,2.99,1351879,206,52
3300020537-bin.24,d__Bacteria;p__Actinobacteriota;c__Acidimicrobiia;o__Microtrichales;f__Ilumatobacteraceae;g__UBA3006;s__,81.35,2.59,1520846,206,51.8
3300020573-bin.32,d__Bacteria;p__Actinobacteriota;c__Acidimicrobiia;o__Microtrichales;f__Ilumatobacteraceae;g__UBA3006;s__,78.63,2.56,1221428,200,51.9
3300020544-bin.17,d__Bacteria;p__Actinobacteriota;c__Acidimicrobiia;o__Microtrichales;f__Ilumatobacteraceae;g__UBA3006;s__,84.44,2.85,1379275,205,51.9
3300020526-bin.10,d__Bacteria;p__Actinobacteriota;c__Acidimicrobiia;o__Microtrichales;f__Ilumatobacteraceae;g__UBA3006;s__,84.47,4.02,1436628,234,51.8
3300020503-bin.9,d__Bacteria;p__Actinobacteriota;c__Acidimicrobiia;o__Microtrichales;f__Ilumatobacteraceae;g__UBA3006;s__,84.99,2.23,1508070,219,51.9
3300020555-bin.6,d__Bacteria;p__Actinobacteriota;c__Acidimicrobiia;o__Microtrichales;f__Ilumatobacteraceae;g__UBA3006;s__,87.46,2.99,1520732,208,51.9
3300020520-bin.1,d__Bacteria;p__Actinobacteriota;c__Acidimicrobiia;o__Microtrichales;f__Ilumatobacteraceae;g__UBA3006;s__,89.03,3.81,1509539,228,51.8
3300020523-bin.14,d__Bacteria;p__Actinobacteriota;c__Acidimicrobiia;o__Microtrichales;f__Ilumatobacteraceae;g__UBA3006;s__,95.44,4.37,1566836,218,51.8
3300020540-bin.18,d__Bacteria;p__Actinobacteriota;c__Acidimicrobiia;o__Microtrichales;f__Ilumatobacteraceae;g__UBA3006;s__,81.53,2.14,1344599,226,51.9
3300020552-bin.26,d__Bacteria;p__Actinobacteriota;c__Acidimicrobiia;o__Microtrichales;f__Ilumatobacteraceae;g__UBA3006;s__,86.47,3.92,1553824,205,51.9
3300020502-bin.8,d__Bacteria;p__Actinobacteriota;c__Acidimicrobiia;o__Microtrichales;f__Ilumatobacteraceae;g__UBA3006;s__,76.32,3.42,1335045,198,51.9
3300020495-bin.2,d__Bacteria;p__Actinobacteriota;c__Acidimicrobiia;o__Microtrichales;f__Ilumatobacteraceae;g__UBA3006;s__,80.29,2.56,1314620,216,54.1
3300021140-bin.9,d__Bacteria;p__Actinobacteriota;c__Acidimicrobiia;o__Microtrichales;f__Ilumatobacteraceae;g__UBA3006;s__,90.36,3.42,1607639,212,54.1
3300020552-bin.9,d__Bacteria;p__Actinobacteriota;c__Acidimicrobiia;o__Microtrichales;f__Ilumatobacteraceae;g__UBA3006;s__,94.25,2.78,1689981,206,54.1
3300020493-bin.10,d__Bacteria;p__Actinobacteriota;c__Acidimicrobiia;o__Microtrichales;f__Ilumatobacteraceae;g__UBA3006;s__,82.43,4.34,1359440,243,54.2
3300020511-bin.4,d__Bacteria;p__Actinobacteriota;c__Acidimicrobiia;o__Microtrichales;f__Ilumatobacteraceae;g__UBA3006;s__,92.38,1.71,1576634,186,54.2
3300020497-bin.27,d__Bacteria;p__Actinobacteriota;c__Acidimicrobiia;o__Microtrichales;f__Ilumatobacteraceae;g__UBA3006;s__,86.21,2.56,1421481,207,54.2
3300020523-bin.15,d__Bacteria;p__Actinobacteriota;c__Acidimicrobiia;o__Microtrichales;f__Ilumatobacteraceae;g__UBA3006;s__,95.73,2.71,1629368,208,54.3
3300020560-bin.23,d__Bacteria;p__Actinobacteriota;c__Acidimicrobiia;o__Microtrichales;f__Ilumatobacteraceae;g__UBA3006;s__,85.28,0,1439337,202,54.2
3300020521-bin.6,d__Bacteria;p__Actinobacteriota;c__Acidimicrobiia;o__Microtrichales;f__Ilumatobacteraceae;g__UBA3006;s__,92.74,2.36,1619086,193,54.3
3300020502-bin.7,d__Bacteria;p__Actinobacteriota;c__Acidimicrobiia;o__Microtrichales;f__Ilumatobacteraceae;g__UBA3006;s__,95.44,2.09,1668780,187,54.2
3300020546-bin.26,d__Bacteria;p__Actinobacteriota;c__Acidimicrobiia;o__Microtrichales;f__Ilumatobacteraceae;g__UBA3006;s__,82.91,1.71,1345140,208,54.1
3300020510-bin.16,d__Bacteria;p__Actinobacteriota;c__Acidimicrobiia;o__Microtrichales;f__Ilumatobacteraceae;g__UBA3006;s__,94.02,3.54,1612450,217,54.3
3300020566-bin.11,d__Bacteria;p__Actinobacteriota;c__Acidimicrobiia;o__Microtrichales;f__Ilumatobacteraceae;g__UBA3006;s__,88.03,2.66,1484513,208,54.2
3300020503-bin.8,d__Bacteria;p__Actinobacteriota;c__Acidimicrobiia;o__Microtrichales;f__Ilumatobacteraceae;g__UBA3006;s__,91.5,1.71,1658892,212,54.1
3300020558-bin.33,d__Bacteria;p__Actinobacteriota;c__Acidimicrobiia;o__Microtrichales;f__Ilumatobacteraceae;g__UBA3006;s__,92.74,2.42,1578906,209,54.2
3300020540-bin.14,d__Bacteria;p__Actinobacteriota;c__Acidimicrobiia;o__Microtrichales;f__Ilumatobacteraceae;g__UBA3006;s__,87.84,1.71,1626651,196,54.3
3300020555-bin.4,d__Bacteria;p__Actinobacteriota;c__Acidimicrobiia;o__Microtrichales;f__Ilumatobacteraceae;g__UBA3006;s__,90.37,2.99,1651542,199,54.1
3300020564-bin.29,d__Bacteria;p__Actinobacteriota;c__Acidimicrobiia;o__Microtrichales;f__Ilumatobacteraceae;g__UBA3006;s__,85.04,4.27,1457711,221,54.3
3300020499-bin.4,d__Bacteria;p__Actinobacteriota;c__Acidimicrobiia;o__Microtrichales;f__Ilumatobacteraceae;g__BACL27;s__,75.07,3.92,1316457,225,50
3300020521-bin.10,d__Bacteria;p__Actinobacteriota;c__Acidimicrobiia;o__Microtrichales;f__Ilumatobacteraceae;g__BACL27;s__,84.62,2.14,1493424,181,50
3300020509-bin.9,d__Bacteria;p__Actinobacteriota;c__Acidimicrobiia;o__Microtrichales;f__Ilumatobacteraceae;g__BACL27;s__,92.99,3.85,1690287,177,50
3300020509-bin.10,d__Bacteria;p__Actinobacteriota;c__Acidimicrobiia;o__Microtrichales;f__Ilumatobacteraceae;g__BACL27;s__,76.07,0.85,1260007,196,49.8
3300020521-bin.2,d__Bacteria;p__Actinobacteriota;c__Acidimicrobiia;o__Microtrichales;f__Ilumatobacteraceae;g__BACL27;s__,88.03,2.99,1584865,164,50
3300020509-bin.11,d__Bacteria;p__Actinobacteriota;c__Acidimicrobiia;o__Microtrichales;f__Ilumatobacteraceae;g__BACL27;s__,86.32,1.71,1732222,189,59.8
3300020499-bin.16,d__Bacteria;p__Actinobacteriota;c__Acidimicrobiia;o__Microtrichales;f__Ilumatobacteraceae;g__;s__,81.62,2.31,1548460,176,59.8
3300020547-bin.8,d__Bacteria;p__Actinobacteriota;c__Acidimicrobiia;o__Microtrichales;f__Ilumatobacteraceae;g__;s__,79.49,1.8,1538927,186,59.8
3300020557-bin.14,d__Bacteria;p__Actinobacteriota;c__Acidimicrobiia;o__Microtrichales;f__Ilumatobacteraceae;g__;s__,92.31,2.42,1790125,98,59.8
3300020536-bin.7,d__Bacteria;p__Actinobacteriota;c__Acidimicrobiia;o__Microtrichales;f__Ilumatobacteraceae;g__;s__,86.32,1.28,1671743,158,59.8
3300020521-bin.7,d__Bacteria;p__Actinobacteriota;c__Acidimicrobiia;o__Microtrichales;f__Ilumatobacteraceae;g__;s__,85.47,1.28,1576449,196,59.7
3300020544-bin.13,d__Bacteria;p__Actinobacteriota;c__Acidimicrobiia;o__Microtrichales;f__Ilumatobacteraceae;g__;s__,89.17,1.28,1736985,116,59.9
3300020518-bin.2,d__Bacteria;p__Actinobacteriota;c__Acidimicrobiia;o__Microtrichales;f__Ilumatobacteraceae;g__;s__,88.89,2.14,1675177,152,59.8
3300020533-bin.6,d__Bacteria;p__Actinobacteriota;c__Acidimicrobiia;o__Microtrichales;f__Ilumatobacteraceae;g__;s__,78.29,1.78,1535371,255,59.9
3300020503-bin.1,d__Bacteria;p__Actinobacteriota;c__Acidimicrobiia;o__Microtrichales;f__Ilumatobacteraceae;g__UBA2093;s__,87.18,2.56,1768007,178,51.3
3300020562-bin.35,d__Bacteria;p__Actinobacteriota;c__Acidimicrobiia;o__Microtrichales;f__Ilumatobacteraceae;g__UBA2093;s__,89.17,3.85,1823956,172,51.3
3300020497-bin.30,d__Bacteria;p__Actinobacteriota;c__Acidimicrobiia;o__Microtrichales;f__Ilumatobacteraceae;g__UBA2093;s__,90.17,2.14,1842193,166,51.3
3300020495-bin.16,d__Bacteria;p__Actinobacteriota;c__Acidimicrobiia;o__Microtrichales;f__Ilumatobacteraceae;g__UBA2093;s__,91.97,4.27,1884725,129,51.3
3300020523-bin.21,d__Bacteria;p__Actinobacteriota;c__Acidimicrobiia;o__Microtrichales;f__Ilumatobacteraceae;g__UBA2093;s__,77.21,0,1489379,228,51.3
3300021108-bin.19,d__Bacteria;p__Actinobacteriota;c__Acidimicrobiia;o__Microtrichales;f__Ilumatobacteraceae;g__UBA2093;s__,90.6,1.28,1830884,135,51.3
3300020558-bin.22,d__Bacteria;p__Actinobacteriota;c__Acidimicrobiia;o__Microtrichales;f__Ilumatobacteraceae;g__UBA2093;s__,88.79,2.56,1903551,224,51.5
3300020563-bin.28,d__Bacteria;p__Actinobacteriota;c__Acidimicrobiia;o__Microtrichales;f__Ilumatobacteraceae;g__UBA2093;s__,86.75,2.66,1827722,238,51.5
3300020496-bin.1,d__Bacteria;p__Actinobacteriota;c__Acidimicrobiia;o__Microtrichales;f__Ilumatobacteraceae;g__UBA2093;s__,78.63,1.28,1606726,220,51.6
3300020497-bin.14,d__Bacteria;p__Actinobacteriota;c__Acidimicrobiia;o__Microtrichales;f__Ilumatobacteraceae;g__UBA2093;s__,87.18,2.99,1871621,237,51.5
3300020575-bin.25,d__Bacteria;p__Actinobacteriota;c__Acidimicrobiia;o__Microtrichales;f__Ilumatobacteraceae;g__UBA2093;s__,89.74,2.99,1872784,226,51.5
3300020572-bin.7,d__Bacteria;p__Actinobacteriota;c__Acidimicrobiia;o__Microtrichales;f__Ilumatobacteraceae;g__UBA2093;s__,89.74,0.52,1831760,206,51.6
3300020560-bin.25,d__Bacteria;p__Actinobacteriota;c__Acidimicrobiia;o__Microtrichales;f__Ilumatobacteraceae;g__UBA2093;s__,81.88,0.85,1797084,238,51.6
3300020500-bin.15,d__Bacteria;p__Actinobacteriota;c__Acidimicrobiia;o__Microtrichales;f__Ilumatobacteraceae;g__UBA2093;s__,93.07,1.28,1886585,105,53.5
3300020520-bin.17,d__Bacteria;p__Actinobacteriota;c__Acidimicrobiia;o__Microtrichales;f__Ilumatobacteraceae;g__UBA2093;s__,92.21,1.28,1922826,134,53.4
3300020502-bin.5,d__Bacteria;p__Actinobacteriota;c__Acidimicrobiia;o__Microtrichales;f__Ilumatobacteraceae;g__UBA2093;s__,77.78,6.41,1673447,287,51.6
3300020534-bin.12,d__Bacteria;p__Actinobacteriota;c__Acidimicrobiia;o__Microtrichales;f__Ilumatobacteraceae;g__UBA2093;s__,84.62,3.5,1590989,236,53.4
3300020559-bin.17,d__Bacteria;p__Actinobacteriota;c__Acidimicrobiia;o__Microtrichales;f__Ilumatobacteraceae;g__UBA2093;s__,91.45,2.23,1856254,142,53.6
3300020538-bin.7,d__Bacteria;p__Actinobacteriota;c__Acidimicrobiia;o__Microtrichales;f__Ilumatobacteraceae;g__UBA2093;s__,89.32,4.7,1879370,167,53.5
3300021140-bin.17,d__Bacteria;p__Actinobacteriota;c__Acidimicrobiia;o__Microtrichales;f__Ilumatobacteraceae;g__UBA2093;s__,78.65,6.49,1675336,321,51.4
3300020520-bin.24,d__Bacteria;p__Actinobacteriota;c__Acidimicrobiia;o__Microtrichales;f__Ilumatobacteraceae;g__UBA2093;s__,82.91,1.28,1709525,213,51.6
3300020497-bin.28,d__Bacteria;p__Actinobacteriota;c__Acidimicrobiia;o__Microtrichales;f__Ilumatobacteraceae;g__;s__,92.31,2.14,2077447,154,52.3
3300020563-bin.24,d__Bacteria;p__Actinobacteriota;c__Acidimicrobiia;o__Microtrichales;f__Ilumatobacteraceae;g__Casp-actino8;s__,83.85,3.5,1997243,375,52.8
3300020540-bin.12,d__Bacteria;p__Actinobacteriota;c__Acidimicrobiia;o__Microtrichales;f__Ilumatobacteraceae;g__Casp-actino8;s__,89.34,3.42,2304448,351,52.8
3300020560-bin.12,d__Bacteria;p__Actinobacteriota;c__Acidimicrobiia;o__Microtrichales;f__Ilumatobacteraceae;g__Casp-actino8;s__,79.2,6.98,2042529,393,52.7
3300020516-bin.18,d__Bacteria;p__Patescibacteria;c__Paceibacteria;o__SW-4-49-11;f__SW-4-49-11;g__;s__,87.77,0,835254,27,32.5
3300020568-bin.4,d__Bacteria;p__Chloroflexota_A;c__Ellin6529;o__CSP1-4;f__UBA10416;g__UBA10416;s__,80.09,3.89,994173,145,62.6
3300020526-bin.5,d__Bacteria;p__Chloroflexota_A;c__Ellin6529;o__CSP1-4;f__UBA10416;g__UBA10416;s__,79.63,3.34,975660,161,62.6
3300020504-bin.13,d__Bacteria;p__Chloroflexota_A;c__Ellin6529;o__CSP1-4;f__UBA10416;g__UBA10416;s__,75.93,2.88,979771,170,62.6
3300020519-bin.16,d__Bacteria;p__Chloroflexota_A;c__Ellin6529;o__CSP1-4;f__UBA10416;g__UBA10416;s__,76.85,3.7,965437,149,62.6
3300020557-bin.2,d__Bacteria;p__Chloroflexota_A;c__Ellin6529;o__CSP1-4;f__UBA10416;g__UBA10416;s__,76.53,1.85,995066,138,62.7
3300020508-bin.10,d__Bacteria;p__Chloroflexota_A;c__Ellin6529;o__CSP1-4;f__UBA10416;g__UBA10416;s__,76.94,0.1,970019,160,62.6
3300020560-bin.28,d__Bacteria;p__Chloroflexota_A;c__Ellin6529;o__CSP1-4;f__UBA10416;g__UBA10416;s__,76.48,1.03,1013543,164,63.4
3300020564-bin.17,d__Bacteria;p__Verrucomicrobiota;c__Verrucomicrobiae;o__Chthoniobacterales;f__Chthoniobacteraceae;g__;s__,87.84,1.35,3527322,515,63
3300020548-bin.2,d__Bacteria;p__Verrucomicrobiota;c__Verrucomicrobiae;o__Chthoniobacterales;f__Chthoniobacteraceae;g__;s__,97.46,1.07,4352364,491,62.9
3300020522-bin.12,d__Bacteria;p__Verrucomicrobiota;c__Verrucomicrobiae;o__Chthoniobacterales;f__UBA6821;g__;s__,100,1.35,2422381,119,59.5
3300020544-bin.4,d__Bacteria;p__Verrucomicrobiota;c__Verrucomicrobiae;o__Chthoniobacterales;f__;g__;s__,81.23,2.97,1837905,290,59.6
3300020502-bin.13,d__Bacteria;p__Verrucomicrobiota;c__Verrucomicrobiae;o__Verrucomicrobiales;f__Akkermansiaceae;g__UBA1315;s__,75.17,0.08,1550233,257,58
3300021140-bin.2,d__Bacteria;p__Verrucomicrobiota;c__Verrucomicrobiae;o__Verrucomicrobiales;f__Akkermansiaceae;g__UBA1315;s__,85.76,1.68,1811203,271,57.9
3300020520-bin.11,d__Bacteria;p__Verrucomicrobiota;c__Verrucomicrobiae;o__Verrucomicrobiales;f__Akkermansiaceae;g__UBA1315;s__,97.28,0,2293813,206,58
3300020513-bin.8,d__Bacteria;p__Verrucomicrobiota;c__Verrucomicrobiae;o__Verrucomicrobiales;f__Akkermansiaceae;g__UBA1315;s__,97.96,0.91,2366479,129,57.4
3300020548-bin.4,d__Bacteria;p__Verrucomicrobiota;c__Verrucomicrobiae;o__Verrucomicrobiales;f__Akkermansiaceae;g__UBA1315;s__,81.09,1.62,2016445,278,57.3
3300020538-bin.26,d__Bacteria;p__Verrucomicrobiota;c__Verrucomicrobiae;o__Verrucomicrobiales;f__Akkermansiaceae;g__UBA1315;s__,90.25,0,2203423,258,58
3300020562-bin.36,d__Bacteria;p__Verrucomicrobiota;c__Verrucomicrobiae;o__Verrucomicrobiales;f__Akkermansiaceae;g__UBA956;s__,95.24,2.04,3656038,472,52.1
3300021141-bin.17,d__Bacteria;p__Verrucomicrobiota;c__Verrucomicrobiae;o__Verrucomicrobiales;f__Verrucomicrobiaceae;g__Prosthecobacter;s__,78.22,2.54,3723396,692,55.8
3300021141-bin.31,d__Bacteria;p__Verrucomicrobiota;c__Verrucomicrobiae;o__Opitutales;f__UBA953;g__UBA953;s__,95.27,1.52,2362625,198,65.4
3300020571-bin.8,d__Bacteria;p__Verrucomicrobiota;c__Verrucomicrobiae;o__Opitutales;f__UBA953;g__UBA953;s__,95.95,3.72,2483465,205,65.3
3300020562-bin.20,d__Bacteria;p__Verrucomicrobiota;c__Verrucomicrobiae;o__Opitutales;f__UBA953;g__UBA953;s__,95.95,1.38,2423354,234,65.4
3300020544-bin.7,d__Bacteria;p__Planctomycetota;c__Planctomycetes;o__Pirellulales;f__Pirellulaceae;g__Pirellula_B;s__,95.22,3.99,6185992,584,50.9
3300020526-bin.4,d__Bacteria;p__Planctomycetota;c__Planctomycetes;o__Pirellulales;f__Pirellulaceae;g__Pirellula_B;s__,92.87,1.18,5195933,398,55.2
3300020537-bin.19,d__Bacteria;p__Planctomycetota;c__Planctomycetes;o__Pirellulales;f__Pirellulaceae;g__Pirellula_B;s__,85.28,1.18,4310370,657,52.4
3300020531-bin.11,d__Bacteria;p__Planctomycetota;c__Planctomycetes;o__Pirellulales;f__Pirellulaceae;g__Pirellula_B;s__,89.34,1.18,5054146,662,55.1
3300020555-bin.7,d__Bacteria;p__Planctomycetota;c__Planctomycetes;o__Pirellulales;f__Pirellulaceae;g__Pirellula_B;s__,94.05,0,5011034,394,52.5
3300020514-bin.9,d__Bacteria;p__Planctomycetota;c__Planctomycetes;o__Pirellulales;f__Pirellulaceae;g__Pirellula_B;s__,83.28,0,4312488,607,52.5
3300020566-bin.10,d__Bacteria;p__Planctomycetota;c__Planctomycetes;o__Pirellulales;f__Pirellulaceae;g__Pirellula_B;s__,75.98,0,3811262,697,52.2
3300020510-bin.6,d__Bacteria;p__Planctomycetota;c__Planctomycetes;o__Pirellulales;f__Pirellulaceae;g__Pirellula_B;s__,95.22,1.35,4630102,575,55.5
3300021141-bin.52,d__Bacteria;p__Planctomycetota;c__Planctomycetes;o__Pirellulales;f__Pirellulaceae;g__Pirellula_B;s__,97.51,0,5723746,520,52
3300020539-bin.3,d__Bacteria;p__Planctomycetota;c__Planctomycetes;o__Pirellulales;f__Pirellulaceae;g__Pirellula_B;s__,88.8,2.35,4907942,715,55.1
3300020508-bin.4,d__Bacteria;p__Planctomycetota;c__Planctomycetes;o__Pirellulales;f__Pirellulaceae;g__Pirellula_B;s__,96.12,0,5675695,510,52.1
3300020518-bin.8,d__Bacteria;p__Planctomycetota;c__Planctomycetes;o__Pirellulales;f__UBA1268;g__UBA4655;s__,94.71,3.53,3501331,371,70
3300020564-bin.6,d__Bacteria;p__Planctomycetota;c__Planctomycetes;o__Pirellulales;f__UBA1268;g__BAIKAL-G1-2R;s__,89.41,4.12,4099214,664,67.8
3300020548-bin.16,d__Bacteria;p__Planctomycetota;c__Planctomycetes;o__Pirellulales;f__UBA1268;g__BAIKAL-G1-2R;s__,90.59,1.18,3959933,416,67.3
3300020510-bin.3,d__Bacteria;p__Planctomycetota;c__Planctomycetes;o__Pirellulales;f__UBA1268;g__BAIKAL-G1-2R;s__,82.35,2.75,4022555,647,67.9
3300020504-bin.3,d__Bacteria;p__Planctomycetota;c__Planctomycetes;o__Pirellulales;f__UBA1268;g__BAIKAL-G1-2R;s__,86.47,0,4365086,561,68
3300020521-bin.8,d__Bacteria;p__Planctomycetota;c__Planctomycetes;o__Gemmatales;f__Gemmataceae;g__UBA969;s__,91.13,1.16,4352448,323,43.9
3300020503-bin.7,d__Bacteria;p__Planctomycetota;c__Planctomycetes;o__Gemmatales;f__Gemmataceae;g__UBA969;s__,96.51,2.33,4706199,285,43.9
3300020523-bin.3,d__Bacteria;p__Planctomycetota;c__Planctomycetes;o__Gemmatales;f__Gemmataceae;g__UBA969;s__,97.67,1.74,4818280,186,44
3300020548-bin.11,d__Bacteria;p__Planctomycetota;c__Planctomycetes;o__Gemmatales;f__Gemmataceae;g__UBA969;s__,97.67,2.33,4770173,215,43.9
3300020543-bin.7,d__Bacteria;p__Planctomycetota;c__Planctomycetes;o__Gemmatales;f__Gemmataceae;g__UBA969;s__,80.13,4.51,4395434,760,43.9
3300020552-bin.12,d__Bacteria;p__Planctomycetota;c__Planctomycetes;o__Gemmatales;f__Gemmataceae;g__UBA969;s__,94.19,1.16,4641407,335,44
3300020495-bin.7,d__Bacteria;p__Planctomycetota;c__Planctomycetes;o__Isosphaerales;f__;g__;s__,98.24,0,5532598,466,51.5
3300020547-bin.9,d__Bacteria;p__Planctomycetota;c__UBA1135;o__UBA1135;f__GCA-002686595;g__;s__,97.73,1.14,3685659,105,67
3300021108-bin.1,d__Bacteria;p__Bacteroidota;c__Bacteroidia;o__Flavobacteriales;f__Flavobacteriaceae;g__Flavobacterium;s__,96.15,2.17,2974610,323,36.1
3300020562-bin.25,d__Bacteria;p__Bacteroidota;c__Bacteroidia;o__Flavobacteriales;f__Flavobacteriaceae;g__Flavobacterium;s__,77.65,1.69,2270258,381,31.6
3300020546-bin.16,d__Bacteria;p__Bacteroidota;c__Bacteroidia;o__Flavobacteriales;f__Flavobacteriaceae;g__Flavobacterium;s__,89.69,2.14,2792585,303,33.3
3300020537-bin.5,d__Bacteria;p__Bacteroidota;c__Bacteroidia;o__Flavobacteriales;f__Flavobacteriaceae;g__Flavobacterium;s__,86.75,2,2411389,354,33.1
3300021141-bin.29,d__Bacteria;p__Bacteroidota;c__Bacteroidia;o__Flavobacteriales;f__Flavobacteriaceae;g__Flavobacterium;s__,88.79,1.73,2415565,363,33.8
3300020539-bin.2,d__Bacteria;p__Bacteroidota;c__Bacteroidia;o__Flavobacteriales;f__Flavobacteriaceae;g__Flavobacterium;s__,95.26,1.18,2652915,242,33.5
3300020526-bin.7,d__Bacteria;p__Bacteroidota;c__Bacteroidia;o__Flavobacteriales;f__Flavobacteriaceae;g__Flavobacterium;s__,95.58,1.58,2747908,231,33.6
3300020538-bin.12,d__Bacteria;p__Bacteroidota;c__Bacteroidia;o__Flavobacteriales;f__Flavobacteriaceae;g__Flavobacterium;s__,97.62,1.61,2107864,137,31.5
3300020566-bin.16,d__Bacteria;p__Bacteroidota;c__Bacteroidia;o__Flavobacteriales;f__Flavobacteriaceae;g__UBA7684;s__,76.98,0.82,1947691,332,34
3300020552-bin.15,d__Bacteria;p__Bacteroidota;c__Bacteroidia;o__Flavobacteriales;f__Cryomorphaceae;g__TMED14;s__,77.96,0.86,1237357,229,55.1
3300020497-bin.31,d__Bacteria;p__Bacteroidota;c__Bacteroidia;o__Flavobacteriales;f__Crocinitomicaceae;g__UBA952;s__,99.46,4.64,2429201,185,39.5
3300020519-bin.22,d__Bacteria;p__Bacteroidota;c__Bacteroidia;o__Flavobacteriales;f__Crocinitomicaceae;g__UBA952;s__,81.53,1.35,1656815,266,33.2
3300020569-bin.8,d__Bacteria;p__Bacteroidota;c__Bacteroidia;o__Flavobacteriales;f__Crocinitomicaceae;g__UBA952;s__,78.06,2.6,1917646,353,43.5
3300020524-bin.12,d__Bacteria;p__Bacteroidota;c__Bacteroidia;o__Flavobacteriales;f__Crocinitomicaceae;g__UBA952;s__,81.03,1.67,2228983,335,36.4
3300020492-bin.7,d__Bacteria;p__Bacteroidota;c__Bacteroidia;o__Flavobacteriales;f__UA16;g__;s__,94.16,0.36,2555680,219,41.3
3300020562-bin.14,d__Bacteria;p__Bacteroidota;c__Bacteroidia;o__Flavobacteriales;f__UA16;g__;s__,86.97,1.93,2369846,300,41.3
3300020553-bin.6,d__Bacteria;p__Bacteroidota;c__Bacteroidia;o__AKYH767;f__b-17BO;g__;s__,87.01,1.19,3312638,468,33.9
3300020570-bin.4,d__Bacteria;p__Bacteroidota;c__Bacteroidia;o__UBA7662;f__UBA7662;g__;s__,89.62,1.37,1660798,206,52.9
3300020562-bin.44,d__Bacteria;p__Bacteroidota;c__Bacteroidia;o__NS11-12g;f__UBA955;g__UBA955;s__,88.74,1.64,1976431,220,43.6
3300021141-bin.54,d__Bacteria;p__Bacteroidota;c__Bacteroidia;o__Cytophagales;f__Spirosomaceae;g__UBA6715;s__,94.12,0.3,2721258,138,38
3300020572-bin.37,d__Bacteria;p__Bacteroidota;c__Bacteroidia;o__Chitinophagales;f__Chitinophagaceae;g__;s__,96.8,2.22,2938332,222,44.2
3300020539-bin.14,d__Bacteria;p__Bacteroidota;c__Bacteroidia;o__Chitinophagales;f__Chitinophagaceae;g__;s__,77.08,0.99,2892631,450,46.6
3300020562-bin.12,d__Bacteria;p__Bacteroidota;c__Bacteroidia;o__Chitinophagales;f__Chitinophagaceae;g__UBA8137;s__,90.3,1.25,1753974,156,36.6
3300020544-bin.10,d__Bacteria;p__Bacteroidota;c__Bacteroidia;o__Chitinophagales;f__Chitinophagaceae;g__UBA8137;s__,78.82,5.25,1670847,276,35.9
3300021140-bin.7,d__Bacteria;p__Bacteroidota;c__Bacteroidia;o__Chitinophagales;f__Chitinophagaceae;g__UBA8137;s__,93.44,3.05,2332660,237,35.7
3300020562-bin.31,d__Bacteria;p__Bacteroidota;c__Bacteroidia;o__Chitinophagales;f__Chitinophagaceae;g__UBA8137;s__,93.79,2.74,2425552,259,35.6
3300021140-bin.31,d__Bacteria;p__Bacteroidota;c__Bacteroidia;o__Chitinophagales;f__Chitinophagaceae;g__UBA8137;s__,93.48,0.66,1894949,193,35.4
3300020552-bin.16,d__Bacteria;p__Bacteroidota;c__Bacteroidia;o__Chitinophagales;f__Chitinophagaceae;g__UBA8137;s__,92.06,3.73,1961647,185,35.2
3300020562-bin.21,d__Bacteria;p__Bacteroidota;c__Bacteroidia;o__Chitinophagales;f__Chitinophagaceae;g__UBA8137;s__,85.16,3.14,1812372,295,35.2
3300020562-bin.39,d__Bacteria;p__Bacteroidota;c__Bacteroidia;o__Chitinophagales;f__Chitinophagaceae;g__UBA8137;s__,89.63,0.59,2066301,220,38
3300020547-bin.11,d__Bacteria;p__Bacteroidota;c__Bacteroidia;o__Chitinophagales;f__Chitinophagaceae;g__UBA8137;s__,95.94,0.51,2855882,219,44.2
3300020554-bin.2,d__Bacteria;p__Bacteroidota;c__Bacteroidia;o__Chitinophagales;f__Chitinophagaceae;g__UBA8137;s__,85.34,0,2065877,234,37.9
3300020552-bin.17,d__Bacteria;p__Bacteroidota;c__Bacteroidia;o__Chitinophagales;f__Chitinophagaceae;g__UBA8137;s__,88.9,1.48,2083590,222,37.9
3300020533-bin.7,d__Bacteria;p__Bacteroidota;c__Bacteroidia;o__Chitinophagales;f__Chitinophagaceae;g__UBA8137;s__,81.65,2.33,2370078,419,41.7
3300020546-bin.10,d__Bacteria;p__Bacteroidota;c__Bacteroidia;o__Chitinophagales;f__Chitinophagaceae;g__BSSC1;s__,83.86,1.18,2648679,295,44.2
3300020560-bin.26,d__Bacteria;p__Bacteroidota;c__Bacteroidia;o__Chitinophagales;f__UBA8649;g__;s__,92.45,1.49,2027132,208,36.4
3300020563-bin.20,d__Bacteria;p__Bacteroidota;c__Bacteroidia;o__Chitinophagales;f__UBA8649;g__;s__,95.07,2.22,2115286,117,36.5
3300020537-bin.1,d__Bacteria;p__Bacteroidota;c__Bacteroidia;o__Chitinophagales;f__UBA8649;g__;s__,86.42,0.54,2034352,226,36.4
3300020538-bin.10,d__Bacteria;p__Bacteroidota;c__Bacteroidia;o__Chitinophagales;f__UBA8649;g__;s__,93.35,2.3,2226241,148,31.5
3300020562-bin.5,d__Bacteria;p__Bacteroidota;c__Bacteroidia;o__Chitinophagales;f__UBA8649;g__;s__,90.89,1.72,2248693,242,33.7
3300020548-bin.10,d__Bacteria;p__Proteobacteria;c__Gammaproteobacteria;o__Methylococcales;f__Methylomonadaceae;g__UBA10906;s__,88.13,2.56,2661059,361,40
3300021140-bin.49,d__Bacteria;p__Proteobacteria;c__Gammaproteobacteria;o__Methylococcales;f__Methylomonadaceae;g__UBA10906;s__,79.37,4.51,2324339,431,40.1
3300020543-bin.11,d__Bacteria;p__Proteobacteria;c__Gammaproteobacteria;o__Methylococcales;f__Methylomonadaceae;g__UBA10906;s__,90.51,3.81,2546855,303,40.1
3300020519-bin.18,d__Bacteria;p__Proteobacteria;c__Gammaproteobacteria;o__Methylococcales;f__Methylomonadaceae;g__Methylomonas;s__,98.05,1.15,2530461,254,43.9
3300021140-bin.22,d__Bacteria;p__Proteobacteria;c__Gammaproteobacteria;o__Burkholderiales;f__Burkholderiaceae;g__Limnohabitans;s__,98.51,2.29,2658358,158,51.6
3300020552-bin.11,d__Bacteria;p__Proteobacteria;c__Gammaproteobacteria;o__Burkholderiales;f__Burkholderiaceae;g__Limnohabitans;s__,89.96,3.92,2368365,336,51.6
3300020548-bin.3,d__Bacteria;p__Proteobacteria;c__Gammaproteobacteria;o__Burkholderiales;f__Burkholderiaceae;g__Limnohabitans;s__,96.11,0.96,2565233,175,51.6
3300020517-bin.17,d__Bacteria;p__Proteobacteria;c__Gammaproteobacteria;o__Burkholderiales;f__Burkholderiaceae;g__Limnohabitans;s__,84,1.67,1982998,342,51.7
3300021108-bin.18,d__Bacteria;p__Proteobacteria;c__Gammaproteobacteria;o__Burkholderiales;f__Burkholderiaceae;g__Limnohabitans;s__,80.75,4.19,2167177,409,51.6
3300020558-bin.26,d__Bacteria;p__Proteobacteria;c__Gammaproteobacteria;o__Burkholderiales;f__Burkholderiaceae;g__Limnohabitans;s__,88.72,2.66,2137668,334,51.6
3300020503-bin.12,d__Bacteria;p__Proteobacteria;c__Gammaproteobacteria;o__Burkholderiales;f__Burkholderiaceae;g__Limnohabitans;s__,87.56,2.5,2327957,355,51.5
3300020512-bin.21,d__Bacteria;p__Proteobacteria;c__Gammaproteobacteria;o__Burkholderiales;f__Burkholderiaceae;g__Polaromonas;s__,75.9,0.23,2627940,492,56.3
3300021140-bin.26,d__Bacteria;p__Proteobacteria;c__Gammaproteobacteria;o__Burkholderiales;f__Methylophilaceae;g__Methylotenera;s__,86.25,2.67,1427379,230,49.5
3300020548-bin.13,d__Bacteria;p__Proteobacteria;c__Gammaproteobacteria;o__Burkholderiales;f__Methylophilaceae;g__Methylotenera;s__,89.99,1.42,1400347,202,49.4
3300020522-bin.1,d__Bacteria;p__Proteobacteria;c__Gammaproteobacteria;o__Burkholderiales;f__Methylophilaceae;g__Methylopumilus;s__,86.97,1.14,1064366,91,37.1
3300020575-bin.32,d__Bacteria;p__Proteobacteria;c__Gammaproteobacteria;o__Burkholderiales;f__Methylophilaceae;g__Methylopumilus;s__,89.27,1.5,1083129,96,37.1
3300020553-bin.4,d__Bacteria;p__Proteobacteria;c__Gammaproteobacteria;o__Burkholderiales;f__Methylophilaceae;g__Methylopumilus;s__,84.44,0.45,1016985,80,37
3300020557-bin.1,d__Bacteria;p__Proteobacteria;c__Gammaproteobacteria;o__Burkholderiales;f__Methylophilaceae;g__Methylopumilus;s__,92.95,0.85,1112796,85,37.2
3300020499-bin.10,d__Bacteria;p__Proteobacteria;c__Gammaproteobacteria;o__Burkholderiales;f__Methylophilaceae;g__Methylopumilus;s__,80.4,0.53,948128,108,36.8
3300020554-bin.21,d__Bacteria;p__Proteobacteria;c__Gammaproteobacteria;o__Burkholderiales;f__Methylophilaceae;g__Methylopumilus;s__,90.81,1.6,1094063,79,37.1
3300020517-bin.12,d__Bacteria;p__Proteobacteria;c__Gammaproteobacteria;o__Burkholderiales;f__Methylophilaceae;g__Methylopumilus;s__,82.86,0.88,960027,68,36.9
3300020540-bin.15,d__Bacteria;p__Proteobacteria;c__Gammaproteobacteria;o__Burkholderiales;f__Methylophilaceae;g__Methylopumilus;s__,93.66,1.73,1122080,85,37.1
3300020556-bin.15,d__Bacteria;p__Proteobacteria;c__Gammaproteobacteria;o__Burkholderiales;f__Methylophilaceae;g__Methylopumilus;s__,80.06,0.47,959408,96,36.9
3300020496-bin.4,d__Bacteria;p__Proteobacteria;c__Gammaproteobacteria;o__Burkholderiales;f__Methylophilaceae;g__Methylopumilus;s__,84.73,0.66,1027185,108,36.9
3300020572-bin.34,d__Bacteria;p__Proteobacteria;c__Gammaproteobacteria;o__Burkholderiales;f__Methylophilaceae;g__Methylopumilus;s__,89.48,1.5,1062817,93,37.1
3300020544-bin.11,d__Bacteria;p__Proteobacteria;c__Gammaproteobacteria;o__Burkholderiales;f__Methylophilaceae;g__Methylopumilus;s__,85.74,0.94,1044107,85,37
3300020548-bin.7,d__Bacteria;p__Proteobacteria;c__Gammaproteobacteria;o__Burkholderiales;f__Methylophilaceae;g__Methylopumilus;s__,90.62,1.87,1072707,90,37.1
3300020552-bin.25,d__Bacteria;p__Proteobacteria;c__Gammaproteobacteria;o__Burkholderiales;f__Methylophilaceae;g__Methylopumilus;s__,87.29,1.28,1057739,81,37.1
3300020546-bin.8,d__Bacteria;p__Proteobacteria;c__Gammaproteobacteria;o__Burkholderiales;f__Methylophilaceae;g__Methylopumilus;s__,86.54,0.64,1001794,99,37.2
3300020536-bin.8,d__Bacteria;p__Proteobacteria;c__Gammaproteobacteria;o__Burkholderiales;f__Methylophilaceae;g__Methylopumilus;s__,83.97,0.67,1011136,86,37
3300020507-bin.8,d__Bacteria;p__Proteobacteria;c__Gammaproteobacteria;o__Burkholderiales;f__Methylophilaceae;g__Methylopumilus;s__,81.37,0.81,971221,123,37
3300020571-bin.14,d__Bacteria;p__Proteobacteria;c__Gammaproteobacteria;o__Burkholderiales;f__Methylophilaceae;g__Methylopumilus;s__,86.99,1.74,1078383,82,37.1
3300020558-bin.35,d__Bacteria;p__Proteobacteria;c__Gammaproteobacteria;o__Burkholderiales;f__Methylophilaceae;g__Methylopumilus;s__,86.94,0.43,1043164,87,37
3300020569-bin.16,d__Bacteria;p__Proteobacteria;c__Gammaproteobacteria;o__Burkholderiales;f__Methylophilaceae;g__Methylopumilus;s__,79.19,0.43,955848,111,37
3300020492-bin.6,d__Bacteria;p__Proteobacteria;c__Gammaproteobacteria;o__Burkholderiales;f__Methylophilaceae;g__Methylopumilus;s__,89.96,2.56,1111350,90,37.1
3300020534-bin.1,d__Bacteria;p__Proteobacteria;c__Gammaproteobacteria;o__Burkholderiales;f__Methylophilaceae;g__Methylopumilus;s__,85.96,1.09,1065076,91,37
3300020528-bin.9,d__Bacteria;p__Proteobacteria;c__Gammaproteobacteria;o__Burkholderiales;f__Methylophilaceae;g__Methylopumilus;s__,88.68,1.15,1102902,109,37.2
3300020508-bin.1,d__Bacteria;p__Proteobacteria;c__Gammaproteobacteria;o__Burkholderiales;f__Methylophilaceae;g__Methylopumilus;s__,87.18,1.18,1044140,99,37
3300020531-bin.8,d__Bacteria;p__Proteobacteria;c__Gammaproteobacteria;o__Burkholderiales;f__Methylophilaceae;g__Methylopumilus;s__,89.1,1.82,1076129,83,37.1
3300020543-bin.16,d__Bacteria;p__Proteobacteria;c__Gammaproteobacteria;o__Burkholderiales;f__Methylophilaceae;g__Methylopumilus;s__,84.91,0.93,1022232,114,37.2
3300020573-bin.24,d__Bacteria;p__Proteobacteria;c__Gammaproteobacteria;o__Burkholderiales;f__Methylophilaceae;g__Methylopumilus;s__,88.78,1.85,1083443,74,37.1
3300020568-bin.14,d__Bacteria;p__Proteobacteria;c__Gammaproteobacteria;o__Burkholderiales;f__Methylophilaceae;g__Methylopumilus;s__,93.59,0.05,1134331,108,37.2
3300020537-bin.11,d__Bacteria;p__Proteobacteria;c__Gammaproteobacteria;o__Burkholderiales;f__Methylophilaceae;g__Methylopumilus;s__,87.77,1.11,1025621,81,37
3300020529-bin.5,d__Bacteria;p__Proteobacteria;c__Gammaproteobacteria;o__Burkholderiales;f__Methylophilaceae;g__Methylopumilus;s__,87.94,1.71,1063023,94,37.1
3300020560-bin.15,d__Bacteria;p__Proteobacteria;c__Gammaproteobacteria;o__Burkholderiales;f__Methylophilaceae;g__Methylopumilus;s__,85.98,1.79,1050667,108,37.3
3300020562-bin.16,d__Bacteria;p__Proteobacteria;c__Gammaproteobacteria;o__Burkholderiales;f__Methylophilaceae;g__Methylopumilus;s__,87.35,1.33,1006787,80,36.9
3300020515-bin.8,d__Bacteria;p__Proteobacteria;c__Gammaproteobacteria;o__Burkholderiales;f__Methylophilaceae;g__Methylopumilus;s__,82,0.21,1003831,98,37
3300020519-bin.15,d__Bacteria;p__Proteobacteria;c__Gammaproteobacteria;o__Burkholderiales;f__Methylophilaceae;g__Methylopumilus;s__,75.43,0.58,827340,91,37.1
3300020512-bin.10,d__Bacteria;p__Proteobacteria;c__Gammaproteobacteria;o__Burkholderiales;f__Methylophilaceae;g__Methylopumilus;s__,90.3,1.5,1101733,86,37.1
3300020563-bin.43,d__Bacteria;p__Proteobacteria;c__Gammaproteobacteria;o__Burkholderiales;f__Methylophilaceae;g__Methylopumilus;s__,84.73,1.07,1002764,94,37.1
3300020538-bin.19,d__Bacteria;p__Proteobacteria;c__Alphaproteobacteria;o__Sphingomonadales;f__Sphingomonadaceae;g__Ga0077559;s__,94.45,1.74,2251732,197,55.7
3300020522-bin.7,d__Bacteria;p__Proteobacteria;c__Alphaproteobacteria;o__Sphingomonadales;f__Sphingomonadaceae;g__Ga0077559;s__,96.1,0.54,2411729,166,55.7
3300020525-bin.11,d__Bacteria;p__Proteobacteria;c__Alphaproteobacteria;o__Paracaedibacterales;f__UBA11393;g__;s__,92.31,0,1614305,185,39.1
