Bin,Classification
3300020566-bin.19,d__Bacteria;p__Cyanobacteria;c__Cyanobacteriia;o__Cyanobacteriales;f__Phormidiaceae;g__Planktothrix;s__Planktothrix
3300020566-bin.3,d__Bacteria;p__Bacteroidota;c__Bacteroidia;o__Chitinophagales;f__Chitinophagaceae;g__JJ008;s__JJ008
3300020526-bin.18,d__Bacteria;p__Cyanobacteria;c__Cyanobacteriia;o__Cyanobacteriales;f__Nostocaceae;g__UKL13-PB;s__UKL13-PB
3300020540-bin.16,d__Bacteria;p__Proteobacteria;c__Gammaproteobacteria;o__Burkholderiales;f__Burkholderiaceae;g__Polynucleobacter;s__Polynucleobacter
3300020537-bin.6,d__Bacteria;p__Actinobacteriota;c__Actinobacteria;o__Nanopelagicales;f__Nanopelagicaceae;g__Nanopelagicus;s__Nanopelagicus
3300020549-bin.2,d__Bacteria;p__Actinobacteriota;c__Actinobacteria;o__Nanopelagicales;f__Nanopelagicaceae;g__Nanopelagicus;s__Nanopelagicus
3300020487-bin.3,d__Bacteria;p__Cyanobacteria;c__Cyanobacteriia;o__Cyanobacteriales;f__Nostocaceae;g__UKL13-PB;s__UKL13-PB
3300020573-bin.18,d__Bacteria;p__Cyanobacteria;c__Cyanobacteriia;o__Cyanobacteriales;f__Microcystaceae;g__Microcystis;s__Microcystis
3300020556-bin.2,d__Bacteria;p__Actinobacteriota;c__Actinobacteria;o__Nanopelagicales;f__Nanopelagicaceae;g__Nanopelagicus;s__Nanopelagicus
3300020524-bin.15,d__Bacteria;p__Cyanobacteria;c__Cyanobacteriia;o__Cyanobacteriales;f__Nostocaceae;g__LE011-02;s__LE011-02
3300020535-bin.28,d__Bacteria;p__Cyanobacteria;c__Cyanobacteriia;o__Cyanobacteriales;f__Nostocaceae;g__UKL13-PB;s__UKL13-PB
3300020501-bin.15,d__Bacteria;p__Cyanobacteria;c__Cyanobacteriia;o__Cyanobacteriales;f__Phormidiaceae;g__Planktothrix;s__Planktothrix
3300020572-bin.17,d__Bacteria;p__Cyanobacteria;c__Cyanobacteriia;o__Cyanobacteriales;f__Nostocaceae;g__UKL13-PB;s__UKL13-PB
3300020532-bin.8,d__Bacteria;p__Cyanobacteria;c__Cyanobacteriia;o__Cyanobacteriales;f__Nostocaceae;g__LE011-02;s__LE011-02
3300020523-bin.16,d__Bacteria;p__Proteobacteria;c__Alphaproteobacteria;o__Pelagibacterales;f__Pelagibacteraceae;g__Fonsibacter;s__Fonsibacter
3300020538-bin.22,d__Bacteria;p__Bacteroidota;c__Bacteroidia;o__Chitinophagales;f__Chitinophagaceae;g__UBA8137;s__UBA8137
3300020522-bin.6,d__Bacteria;p__Cyanobacteria;c__Cyanobacteriia;o__Cyanobacteriales;f__Nostocaceae;g__UKL13-PB;s__UKL13-PB
3300020555-bin.1,d__Bacteria;p__Cyanobacteria;c__Cyanobacteriia;o__Cyanobacteriales;f__Nostocaceae;g__UKL13-PB;s__UKL13-PB
3300020568-bin.25,d__Bacteria;p__Bacteroidota;c__Bacteroidia;o__Chitinophagales;f__Chitinophagaceae;g__JJ008;s__JJ008
3300020501-bin.10,d__Bacteria;p__Actinobacteriota;c__Actinobacteria;o__Nanopelagicales;f__Nanopelagicaceae;g__Nanopelagicus;s__Nanopelagicus
3300020558-bin.9,d__Bacteria;p__Actinobacteriota;c__Actinobacteria;o__Nanopelagicales;f__Nanopelagicaceae;g__Nanopelagicus;s__Nanopelagicus
3300020564-bin.4,d__Bacteria;p__Cyanobacteria;c__Cyanobacteriia;o__Cyanobacteriales;f__Nostocaceae;g__UKL13-PB;s__UKL13-PB
3300020557-bin.7,d__Bacteria;p__Bacteroidota;c__Bacteroidia;o__NS11-12g;f__UBA955;g__UBA955;s__UBA955
3300020548-bin.6,d__Bacteria;p__Proteobacteria;c__Alphaproteobacteria;o__Pelagibacterales;f__Pelagibacteraceae;g__Fonsibacter;s__Fonsibacter
3300020543-bin.10,d__Bacteria;p__Actinobacteriota;c__Actinobacteria;o__Nanopelagicales;f__Nanopelagicaceae;g__Nanopelagicus;s__Nanopelagicus
3300020483-bin.5,d__Bacteria;p__Actinobacteriota;c__Actinobacteria;o__Nanopelagicales;f__Nanopelagicaceae;g__Nanopelagicus;s__Nanopelagicus
3300020552-bin.13,d__Bacteria;p__Actinobacteriota;c__Actinobacteria;o__Nanopelagicales;f__Nanopelagicaceae;g__Nanopelagicus;s__Nanopelagicus
3300020486-bin.6,d__Bacteria;p__Cyanobacteria;c__Cyanobacteriia;o__Cyanobacteriales;f__Nostocaceae;g__UKL13-PB;s__UKL13-PB
3300020570-bin.13,d__Bacteria;p__Actinobacteriota;c__Actinobacteria;o__Nanopelagicales;f__Nanopelagicaceae;g__Nanopelagicus;s__Nanopelagicus
3300020569-bin.10,d__Bacteria;p__Proteobacteria;c__Gammaproteobacteria;o__Burkholderiales;f__Rhodocyclaceae;g__Sulfuritalea;s__Sulfuritalea
3300020490-bin.6,d__Bacteria;p__Cyanobacteria;c__Cyanobacteriia;o__Cyanobacteriales;f__Nostocaceae;g__UKL13-PB;s__UKL13-PB
3300021141-bin.30,d__Bacteria;p__Cyanobacteria;c__Cyanobacteriia;o__Cyanobacteriales;f__Nostocaceae;g__UKL13-PB;s__UKL13-PB
3300020544-bin.15,d__Bacteria;p__Actinobacteriota;c__Actinobacteria;o__Nanopelagicales;f__Nanopelagicaceae;g__Nanopelagicus;s__Nanopelagicus
3300021140-bin.18,d__Bacteria;p__Cyanobacteria;c__Cyanobacteriia;o__Cyanobacteriales;f__Nostocaceae;g__UKL13-PB;s__UKL13-PB
3300021140-bin.34,d__Bacteria;p__Bacteroidota;c__Bacteroidia;o__Chitinophagales;f__Chitinophagaceae;g__UBA8137;s__UBA8137
3300020491-bin.6,d__Bacteria;p__Cyanobacteria;c__Cyanobacteriia;o__Cyanobacteriales;f__Nostocaceae;g__UKL13-PB;s__UKL13-PB
3300020573-bin.16,d__Bacteria;p__Actinobacteriota;c__Actinobacteria;o__Nanopelagicales;f__Nanopelagicaceae;g__Nanopelagicus;s__Nanopelagicus
3300020528-bin.19,d__Bacteria;p__Actinobacteriota;c__Actinobacteria;o__Nanopelagicales;f__Nanopelagicaceae;g__Nanopelagicus;s__Nanopelagicus
3300020555-bin.16,d__Bacteria;p__Cyanobacteria;c__Cyanobacteriia;o__Cyanobacteriales;f__Phormidiaceae;g__Planktothrix;s__Planktothrix
3300020503-bin.2,d__Bacteria;p__Proteobacteria;c__Alphaproteobacteria;o__Pelagibacterales;f__Pelagibacteraceae;g__Fonsibacter;s__Fonsibacter
3300020564-bin.23,d__Bacteria;p__Actinobacteriota;c__Actinobacteria;o__Nanopelagicales;f__Nanopelagicaceae;g__Nanopelagicus;s__Nanopelagicus
3300020538-bin.25,d__Bacteria;p__Cyanobacteria;c__Cyanobacteriia;o__Cyanobacteriales;f__Nostocaceae;g__UKL13-PB;s__UKL13-PB
3300020541-bin.1,d__Bacteria;p__Cyanobacteria;c__Cyanobacteriia;o__Cyanobacteriales;f__Phormidiaceae;g__Planktothrix;s__Planktothrix
3300020481-bin.2,d__Bacteria;p__Cyanobacteria;c__Cyanobacteriia;o__Cyanobacteriales;f__Nostocaceae;g__UKL13-PB;s__UKL13-PB
3300020485-bin.5,d__Bacteria;p__Cyanobacteria;c__Cyanobacteriia;o__Cyanobacteriales;f__Nostocaceae;g__UKL13-PB;s__UKL13-PB
3300020575-bin.17,d__Bacteria;p__Actinobacteriota;c__Actinobacteria;o__Nanopelagicales;f__Nanopelagicaceae;g__Nanopelagicus;s__Nanopelagicus
3300020542-bin.8,d__Bacteria;p__Cyanobacteria;c__Cyanobacteriia;o__Cyanobacteriales;f__Nostocaceae;g__LE011-02;s__LE011-02
3300020551-bin.7,d__Bacteria;p__Actinobacteriota;c__Actinobacteria;o__Nanopelagicales;f__Nanopelagicaceae;g__Nanopelagicus;s__Nanopelagicus
3300020534-bin.11,d__Bacteria;p__Proteobacteria;c__Gammaproteobacteria;o__Steroidobacterales;f__Steroidobacteraceae;g__UBA964;s__UBA964
3300020558-bin.29,d__Bacteria;p__Cyanobacteria;c__Cyanobacteriia;o__Cyanobacteriales;f__Phormidiaceae;g__Planktothrix;s__Planktothrix
3300020569-bin.5,d__Bacteria;p__Actinobacteriota;c__Actinobacteria;o__Nanopelagicales;f__Nanopelagicaceae;g__Nanopelagicus;s__Nanopelagicus
3300020520-bin.8,d__Bacteria;p__Cyanobacteria;c__Cyanobacteriia;o__Cyanobacteriales;f__Nostocaceae;g__UKL13-PB;s__UKL13-PB
3300020552-bin.2,d__Bacteria;p__Bacteroidota;c__Bacteroidia;o__Chitinophagales;f__Chitinophagaceae;g__UBA8137;s__UBA8137
3300020558-bin.4,d__Bacteria;p__Actinobacteriota;c__Actinobacteria;o__Nanopelagicales;f__Nanopelagicaceae;g__Nanopelagicus;s__Nanopelagicus
3300020546-bin.23,d__Bacteria;p__Proteobacteria;c__Gammaproteobacteria;o__Burkholderiales;f__Burkholderiaceae;g__Polynucleobacter;s__Polynucleobacter
3300020547-bin.17,d__Bacteria;p__Actinobacteriota;c__Actinobacteria;o__Nanopelagicales;f__Nanopelagicaceae;g__Nanopelagicus;s__Nanopelagicus
3300020558-bin.18,d__Bacteria;p__Proteobacteria;c__Alphaproteobacteria;o__Pelagibacterales;f__Pelagibacteraceae;g__Fonsibacter;s__Fonsibacter
3300020500-bin.9,d__Bacteria;p__Cyanobacteria;c__Cyanobacteriia;o__Cyanobacteriales;f__Nostocaceae;g__UKL13-PB;s__UKL13-PB
3300020568-bin.16,d__Bacteria;p__Actinobacteriota;c__Actinobacteria;o__Nanopelagicales;f__Nanopelagicaceae;g__Nanopelagicus;s__Nanopelagicus
3300020534-bin.16,d__Bacteria;p__Cyanobacteria;c__Cyanobacteriia;o__Cyanobacteriales;f__Nostocaceae;g__UKL13-PB;s__UKL13-PB
3300020555-bin.14,d__Bacteria;p__Cyanobacteria;c__Cyanobacteriia;o__Cyanobacteriales;f__Microcystaceae;g__Microcystis;s__Microcystis
3300020556-bin.6,d__Bacteria;p__Cyanobacteria;c__Cyanobacteriia;o__Synechococcales;f__Cyanobiaceae;g__PCC7001;s__
3300020527-bin.12,d__Bacteria;p__Cyanobacteria;c__Cyanobacteriia;o__Synechococcales;f__Cyanobiaceae;g__PCC7001;s__
3300020554-bin.6,d__Bacteria;p__Cyanobacteria;c__Cyanobacteriia;o__Synechococcales;f__Cyanobiaceae;g__PCC7001;s__
3300020536-bin.5,d__Bacteria;p__Cyanobacteria;c__Cyanobacteriia;o__Synechococcales;f__Cyanobiaceae;g__PCC7001;s__
3300020506-bin.8,d__Bacteria;p__Cyanobacteria;c__Cyanobacteriia;o__Synechococcales;f__Cyanobiaceae;g__PCC7001;s__
3300020553-bin.5,d__Bacteria;p__Cyanobacteria;c__Cyanobacteriia;o__Synechococcales;f__Cyanobiaceae;g__PCC7001;s__
3300020533-bin.8,d__Bacteria;p__Cyanobacteria;c__Cyanobacteriia;o__Synechococcales;f__Cyanobiaceae;g__PCC7001;s__
3300020509-bin.3,d__Bacteria;p__Cyanobacteria;c__Cyanobacteriia;o__Synechococcales;f__Cyanobiaceae;g__PCC7001;s__
3300020530-bin.5,d__Bacteria;p__Cyanobacteria;c__Cyanobacteriia;o__Synechococcales;f__Cyanobiaceae;g__PCC7001;s__
3300020549-bin.11,d__Bacteria;p__Cyanobacteria;c__Cyanobacteriia;o__Synechococcales;f__Cyanobiaceae;g__PCC7001;s__
3300020510-bin.10,d__Bacteria;p__Cyanobacteria;c__Cyanobacteriia;o__Synechococcales;f__Cyanobiaceae;g__PCC7001;s__
3300020550-bin.4,d__Bacteria;p__Cyanobacteria;c__Cyanobacteriia;o__Synechococcales;f__Cyanobiaceae;g__PCC7001;s__
3300020569-bin.18,d__Bacteria;p__Cyanobacteria;c__Cyanobacteriia;o__Synechococcales;f__Cyanobiaceae;g__PCC7001;s__
3300020521-bin.16,d__Bacteria;p__Cyanobacteria;c__Cyanobacteriia;o__Synechococcales;f__Cyanobiaceae;g__PCC7001;s__
3300020499-bin.9,d__Bacteria;p__Cyanobacteria;c__Cyanobacteriia;o__Synechococcales;f__Cyanobiaceae;g__PCC7001;s__
3300020518-bin.9,d__Bacteria;p__Cyanobacteria;c__Cyanobacteriia;o__Synechococcales;f__Cyanobiaceae;g__Vulcanococcus;s__
3300020547-bin.20,d__Bacteria;p__Cyanobacteria;c__Cyanobacteriia;o__Synechococcales;f__Cyanobiaceae;g__Vulcanococcus;s__
3300020498-bin.7,d__Bacteria;p__Cyanobacteria;c__Cyanobacteriia;o__Synechococcales;f__Cyanobiaceae;g__;s__
3300020551-bin.8,d__Bacteria;p__Cyanobacteria;c__Cyanobacteriia;o__Synechococcales;f__Cyanobiaceae;g__;s__
3300020539-bin.13,d__Bacteria;p__Cyanobacteria;c__Cyanobacteriia;o__Synechococcales;f__Cyanobiaceae;g__;s__
3300020539-bin.6,d__Bacteria;p__Cyanobacteria;c__Cyanobacteriia;o__Synechococcales;f__Cyanobiaceae;g__;s__
3300020571-bin.11,d__Bacteria;p__Cyanobacteria;c__Cyanobacteriia;o__Synechococcales;f__Cyanobiaceae;g__;s__
3300020536-bin.4,d__Bacteria;p__Cyanobacteria;c__Cyanobacteriia;o__Synechococcales;f__Cyanobiaceae;g__;s__
3300020557-bin.12,d__Bacteria;p__Cyanobacteria;c__Cyanobacteriia;o__Synechococcales;f__Cyanobiaceae;g__;s__
3300020568-bin.26,d__Bacteria;p__Cyanobacteria;c__Cyanobacteriia;o__Synechococcales;f__Cyanobiaceae;g__;s__
3300020533-bin.3,d__Bacteria;p__Cyanobacteria;c__Cyanobacteriia;o__Synechococcales;f__Cyanobiaceae;g__;s__
3300020517-bin.16,d__Bacteria;p__Cyanobacteria;c__Cyanobacteriia;o__Cyanobacteriales;f__Microcystaceae;g__Synechocystis;s__
3300020558-bin.31,d__Bacteria;p__Cyanobacteria;c__Vampirovibrionia;o__Caenarcaniphilales;f__Caenarcanaceae;g__;s__
3300020544-bin.2,d__Bacteria;p__Actinobacteriota;c__Actinobacteria;o__Actinomycetales;f__Microbacteriaceae;g__Aquiluna;s__
3300020520-bin.13,d__Bacteria;p__Actinobacteriota;c__Actinobacteria;o__Actinomycetales;f__Microbacteriaceae;g__Rhodoluna;s__
3300020572-bin.32,d__Bacteria;p__Actinobacteriota;c__Actinobacteria;o__Actinomycetales;f__Microbacteriaceae;g__Rhodoluna;s__
3300020512-bin.3,d__Bacteria;p__Actinobacteriota;c__Actinobacteria;o__Actinomycetales;f__Microbacteriaceae;g__Rhodoluna;s__
3300020562-bin.13,d__Bacteria;p__Actinobacteriota;c__Actinobacteria;o__Actinomycetales;f__Microbacteriaceae;g__Rhodoluna;s__
3300020560-bin.20,d__Bacteria;p__Actinobacteriota;c__Actinobacteria;o__Actinomycetales;f__Microbacteriaceae;g__Rhodoluna;s__
3300020538-bin.15,d__Bacteria;p__Actinobacteriota;c__Actinobacteria;o__Actinomycetales;f__Microbacteriaceae;g__Rhodoluna;s__
3300020497-bin.26,d__Bacteria;p__Actinobacteriota;c__Actinobacteria;o__Actinomycetales;f__Microbacteriaceae;g__Rhodoluna;s__
3300020540-bin.24,d__Bacteria;p__Actinobacteriota;c__Actinobacteria;o__Actinomycetales;f__Microbacteriaceae;g__Rhodoluna;s__
3300020538-bin.9,d__Bacteria;p__Actinobacteriota;c__Actinobacteria;o__Actinomycetales;f__Microbacteriaceae;g__Rhodoluna;s__
3300020500-bin.11,d__Bacteria;p__Actinobacteriota;c__Actinobacteria;o__Actinomycetales;f__Microbacteriaceae;g__Rhodoluna;s__
3300020538-bin.8,d__Bacteria;p__Actinobacteriota;c__Actinobacteria;o__Actinomycetales;f__Microbacteriaceae;g__Rhodoluna;s__
3300020495-bin.14,d__Bacteria;p__Actinobacteriota;c__Actinobacteria;o__Actinomycetales;f__Microbacteriaceae;g__Rhodoluna;s__
3300020534-bin.25,d__Bacteria;p__Actinobacteriota;c__Actinobacteria;o__Actinomycetales;f__Microbacteriaceae;g__Rhodoluna;s__
3300020520-bin.10,d__Bacteria;p__Actinobacteriota;c__Actinobacteria;o__Actinomycetales;f__Microbacteriaceae;g__Rhodoluna;s__
3300020497-bin.29,d__Bacteria;p__Actinobacteriota;c__Actinobacteria;o__Actinomycetales;f__Microbacteriaceae;g__Rhodoluna;s__
3300020572-bin.31,d__Bacteria;p__Actinobacteriota;c__Actinobacteria;o__Actinomycetales;f__Microbacteriaceae;g__Rhodoluna;s__
3300020540-bin.4,d__Bacteria;p__Actinobacteriota;c__Actinobacteria;o__Actinomycetales;f__Microbacteriaceae;g__Rhodoluna;s__
3300020562-bin.18,d__Bacteria;p__Actinobacteriota;c__Actinobacteria;o__Actinomycetales;f__Microbacteriaceae;g__Rhodoluna;s__
3300020560-bin.30,d__Bacteria;p__Actinobacteriota;c__Actinobacteria;o__Actinomycetales;f__Microbacteriaceae;g__Rhodoluna;s__
3300020500-bin.1,d__Bacteria;p__Actinobacteriota;c__Actinobacteria;o__Actinomycetales;f__Microbacteriaceae;g__Rhodoluna;s__
3300020563-bin.21,d__Bacteria;p__Actinobacteriota;c__Actinobacteria;o__Actinomycetales;f__Microbacteriaceae;g__Rhodoluna;s__
3300021141-bin.24,d__Bacteria;p__Actinobacteriota;c__Actinobacteria;o__Nanopelagicales;f__Nanopelagicaceae;g__Planktophila;s__
3300020534-bin.13,d__Bacteria;p__Actinobacteriota;c__Actinobacteria;o__Nanopelagicales;f__Nanopelagicaceae;g__Planktophila;s__
3300020492-bin.4,d__Bacteria;p__Actinobacteriota;c__Actinobacteria;o__Nanopelagicales;f__Nanopelagicaceae;g__Planktophila;s__
3300021140-bin.33,d__Bacteria;p__Actinobacteriota;c__Actinobacteria;o__Nanopelagicales;f__Nanopelagicaceae;g__Planktophila;s__
3300020575-bin.19,d__Bacteria;p__Actinobacteriota;c__Actinobacteria;o__Nanopelagicales;f__Nanopelagicaceae;g__Planktophila;s__
3300020556-bin.9,d__Bacteria;p__Actinobacteriota;c__Actinobacteria;o__Nanopelagicales;f__Nanopelagicaceae;g__Planktophila;s__
3300020563-bin.7,d__Bacteria;p__Actinobacteriota;c__Actinobacteria;o__Nanopelagicales;f__Nanopelagicaceae;g__Planktophila;s__
3300020503-bin.10,d__Bacteria;p__Actinobacteriota;c__Actinobacteria;o__Nanopelagicales;f__Nanopelagicaceae;g__Planktophila;s__
3300020517-bin.2,d__Bacteria;p__Actinobacteriota;c__Actinobacteria;o__Nanopelagicales;f__Nanopelagicaceae;g__Planktophila;s__
3300020573-bin.9,d__Bacteria;p__Actinobacteriota;c__Actinobacteria;o__Nanopelagicales;f__Nanopelagicaceae;g__Planktophila;s__
3300020552-bin.8,d__Bacteria;p__Actinobacteriota;c__Actinobacteria;o__Nanopelagicales;f__Nanopelagicaceae;g__Planktophila;s__
3300020497-bin.9,d__Bacteria;p__Actinobacteriota;c__Actinobacteria;o__Nanopelagicales;f__Nanopelagicaceae;g__Planktophila;s__
3300021141-bin.35,d__Bacteria;p__Actinobacteriota;c__Actinobacteria;o__Nanopelagicales;f__Nanopelagicaceae;g__Planktophila;s__
3300020573-bin.11,d__Bacteria;p__Actinobacteriota;c__Actinobacteria;o__Nanopelagicales;f__Nanopelagicaceae;g__;s__
3300020537-bin.26,d__Bacteria;p__Actinobacteriota;c__Actinobacteria;o__Nanopelagicales;f__Nanopelagicaceae;g__Nanopelagicus;s__
3300020538-bin.4,d__Bacteria;p__Actinobacteriota;c__Actinobacteria;o__Nanopelagicales;f__Nanopelagicaceae;g__Nanopelagicus;s__
3300020534-bin.5,d__Bacteria;p__Actinobacteriota;c__Actinobacteria;o__Nanopelagicales;f__Nanopelagicaceae;g__Nanopelagicus;s__
3300021140-bin.11,d__Bacteria;p__Actinobacteriota;c__Actinobacteria;o__Nanopelagicales;f__Nanopelagicaceae;g__Nanopelagicus;s__
3300020540-bin.20,d__Bacteria;p__Actinobacteriota;c__Actinobacteria;o__Nanopelagicales;f__Nanopelagicaceae;g__Nanopelagicus;s__
3300020537-bin.13,d__Bacteria;p__Actinobacteriota;c__Actinobacteria;o__Nanopelagicales;f__Nanopelagicaceae;g__MAG-120802;s__
3300020546-bin.5,d__Bacteria;p__Actinobacteriota;c__Actinobacteria;o__Nanopelagicales;f__Nanopelagicaceae;g__MAG-120802;s__
3300020570-bin.12,d__Bacteria;p__Actinobacteriota;c__Actinobacteria;o__Nanopelagicales;f__Nanopelagicaceae;g__MAG-120802;s__
3300020516-bin.14,d__Bacteria;p__Actinobacteriota;c__Actinobacteria;o__Nanopelagicales;f__Nanopelagicaceae;g__MAG-120802;s__
3300020501-bin.7,d__Bacteria;p__Actinobacteriota;c__Actinobacteria;o__Nanopelagicales;f__Nanopelagicaceae;g__MAG-120802;s__
3300020518-bin.1,d__Bacteria;p__Actinobacteriota;c__Actinobacteria;o__Nanopelagicales;f__Nanopelagicaceae;g__MAG-120802;s__
3300020570-bin.15,d__Bacteria;p__Actinobacteriota;c__Actinobacteria;o__Nanopelagicales;f__Nanopelagicaceae;g__MAG-120802;s__
3300020551-bin.11,d__Bacteria;p__Actinobacteriota;c__Actinobacteria;o__Nanopelagicales;f__Nanopelagicaceae;g__MAG-120802;s__
3300020499-bin.8,d__Bacteria;p__Actinobacteriota;c__Actinobacteria;o__Nanopelagicales;f__Nanopelagicaceae;g__MAG-120802;s__
3300020547-bin.4,d__Bacteria;p__Actinobacteriota;c__Actinobacteria;o__Nanopelagicales;f__Nanopelagicaceae;g__MAG-120802;s__
3300020516-bin.16,d__Bacteria;p__Actinobacteriota;c__Actinobacteria;o__Nanopelagicales;f__Nanopelagicaceae;g__MAG-120802;s__
3300020566-bin.6,d__Bacteria;p__Actinobacteriota;c__Actinobacteria;o__Nanopelagicales;f__Nanopelagicaceae;g__MAG-120802;s__
3300021140-bin.57,d__Bacteria;p__Actinobacteriota;c__Actinobacteria;o__Nanopelagicales;f__Nanopelagicaceae;g__UBA3012;s__
3300020569-bin.14,d__Bacteria;p__Actinobacteriota;c__Actinobacteria;o__Nanopelagicales;f__AcAMD-5;g__ATZT02;s__
3300020557-bin.24,d__Bacteria;p__Actinobacteriota;c__Actinobacteria;o__Nanopelagicales;f__AcAMD-5;g__ATZT02;s__
3300020496-bin.10,d__Bacteria;p__Actinobacteriota;c__Actinobacteria;o__Nanopelagicales;f__AcAMD-5;g__ATZT02;s__
3300020568-bin.11,d__Bacteria;p__Actinobacteriota;c__Actinobacteria;o__Nanopelagicales;f__AcAMD-5;g__ATZT02;s__
3300020546-bin.9,d__Bacteria;p__Actinobacteriota;c__Actinobacteria;o__Nanopelagicales;f__AcAMD-5;g__ATZT02;s__
3300020521-bin.11,d__Bacteria;p__Actinobacteriota;c__Actinobacteria;o__Nanopelagicales;f__AcAMD-5;g__ATZT02;s__
3300020553-bin.14,d__Bacteria;p__Actinobacteriota;c__Actinobacteria;o__Nanopelagicales;f__AcAMD-5;g__ATZT02;s__
3300020501-bin.9,d__Bacteria;p__Actinobacteriota;c__Actinobacteria;o__Nanopelagicales;f__AcAMD-5;g__ATZT02;s__
3300020536-bin.15,d__Bacteria;p__Actinobacteriota;c__Actinobacteria;o__Nanopelagicales;f__AcAMD-5;g__ATZT02;s__
3300020544-bin.21,d__Bacteria;p__Actinobacteriota;c__Actinobacteria;o__Nanopelagicales;f__AcAMD-5;g__ATZT02;s__
3300020564-bin.9,d__Bacteria;p__Actinobacteriota;c__Actinobacteria;o__Nanopelagicales;f__AcAMD-5;g__ATZT02;s__
3300020518-bin.6,d__Bacteria;p__Actinobacteriota;c__Actinobacteria;o__Nanopelagicales;f__AcAMD-5;g__ATZT02;s__
3300020558-bin.11,d__Bacteria;p__Actinobacteriota;c__Actinobacteria;o__Nanopelagicales;f__AcAMD-5;g__ATZT02;s__
3300020528-bin.7,d__Bacteria;p__Actinobacteriota;c__Actinobacteria;o__Nanopelagicales;f__AcAMD-5;g__ATZT02;s__
3300020516-bin.10,d__Bacteria;p__Actinobacteriota;c__Actinobacteria;o__Nanopelagicales;f__AcAMD-5;g__ATZT02;s__
3300020509-bin.2,d__Bacteria;p__Actinobacteriota;c__Actinobacteria;o__Nanopelagicales;f__AcAMD-5;g__ATZT02;s__
3300021140-bin.29,d__Bacteria;p__Actinobacteriota;c__Actinobacteria;o__Nanopelagicales;f__AcAMD-5;g__ATZT02;s__
3300020573-bin.33,d__Bacteria;p__Actinobacteriota;c__Actinobacteria;o__Nanopelagicales;f__AcAMD-5;g__ATZT02;s__
3300020554-bin.15,d__Bacteria;p__Actinobacteriota;c__Actinobacteria;o__Nanopelagicales;f__AcAMD-5;g__ATZT02;s__
3300020519-bin.11,d__Bacteria;p__Actinobacteriota;c__Actinobacteria;o__Nanopelagicales;f__AcAMD-5;g__ATZT02;s__
3300020497-bin.20,d__Bacteria;p__Actinobacteriota;c__Acidimicrobiia;o__Microtrichales;f__UBA8139;g__;s__
3300020499-bin.7,d__Bacteria;p__Actinobacteriota;c__Acidimicrobiia;o__Microtrichales;f__UBA8139;g__;s__
3300020516-bin.11,d__Bacteria;p__Actinobacteriota;c__Acidimicrobiia;o__Microtrichales;f__UBA8139;g__;s__
3300020535-bin.8,d__Bacteria;p__Actinobacteriota;c__Acidimicrobiia;o__Microtrichales;f__UBA8139;g__;s__
3300020544-bin.1,d__Bacteria;p__Actinobacteriota;c__Acidimicrobiia;o__Microtrichales;f__UBA8139;g__;s__
3300020559-bin.1,d__Bacteria;p__Actinobacteriota;c__Acidimicrobiia;o__Microtrichales;f__UBA8139;g__;s__
3300020509-bin.4,d__Bacteria;p__Actinobacteriota;c__Acidimicrobiia;o__Microtrichales;f__UBA8139;g__;s__
3300020521-bin.5,d__Bacteria;p__Actinobacteriota;c__Acidimicrobiia;o__Microtrichales;f__UBA8139;g__;s__
3300020531-bin.9,d__Bacteria;p__Actinobacteriota;c__Acidimicrobiia;o__Microtrichales;f__UBA8139;g__;s__
3300020568-bin.24,d__Bacteria;p__Actinobacteriota;c__Acidimicrobiia;o__Microtrichales;f__UBA8139;g__;s__
3300021141-bin.33,d__Bacteria;p__Actinobacteriota;c__Acidimicrobiia;o__Microtrichales;f__Ilumatobacteraceae;g__UBA3006;s__
3300021140-bin.20,d__Bacteria;p__Actinobacteriota;c__Acidimicrobiia;o__Microtrichales;f__Ilumatobacteraceae;g__UBA3006;s__
3300020512-bin.9,d__Bacteria;p__Actinobacteriota;c__Acidimicrobiia;o__Microtrichales;f__Ilumatobacteraceae;g__UBA3006;s__
3300020566-bin.2,d__Bacteria;p__Actinobacteriota;c__Acidimicrobiia;o__Microtrichales;f__Ilumatobacteraceae;g__UBA3006;s__
3300020504-bin.11,d__Bacteria;p__Actinobacteriota;c__Acidimicrobiia;o__Microtrichales;f__Ilumatobacteraceae;g__UBA3006;s__
3300020537-bin.24,d__Bacteria;p__Actinobacteriota;c__Acidimicrobiia;o__Microtrichales;f__Ilumatobacteraceae;g__UBA3006;s__
3300020573-bin.32,d__Bacteria;p__Actinobacteriota;c__Acidimicrobiia;o__Microtrichales;f__Ilumatobacteraceae;g__UBA3006;s__
3300020544-bin.17,d__Bacteria;p__Actinobacteriota;c__Acidimicrobiia;o__Microtrichales;f__Ilumatobacteraceae;g__UBA3006;s__
3300020526-bin.10,d__Bacteria;p__Actinobacteriota;c__Acidimicrobiia;o__Microtrichales;f__Ilumatobacteraceae;g__UBA3006;s__
3300020503-bin.9,d__Bacteria;p__Actinobacteriota;c__Acidimicrobiia;o__Microtrichales;f__Ilumatobacteraceae;g__UBA3006;s__
3300020555-bin.6,d__Bacteria;p__Actinobacteriota;c__Acidimicrobiia;o__Microtrichales;f__Ilumatobacteraceae;g__UBA3006;s__
3300020520-bin.1,d__Bacteria;p__Actinobacteriota;c__Acidimicrobiia;o__Microtrichales;f__Ilumatobacteraceae;g__UBA3006;s__
3300020523-bin.14,d__Bacteria;p__Actinobacteriota;c__Acidimicrobiia;o__Microtrichales;f__Ilumatobacteraceae;g__UBA3006;s__
3300020540-bin.18,d__Bacteria;p__Actinobacteriota;c__Acidimicrobiia;o__Microtrichales;f__Ilumatobacteraceae;g__UBA3006;s__
3300020552-bin.26,d__Bacteria;p__Actinobacteriota;c__Acidimicrobiia;o__Microtrichales;f__Ilumatobacteraceae;g__UBA3006;s__
3300020502-bin.8,d__Bacteria;p__Actinobacteriota;c__Acidimicrobiia;o__Microtrichales;f__Ilumatobacteraceae;g__UBA3006;s__
3300020495-bin.2,d__Bacteria;p__Actinobacteriota;c__Acidimicrobiia;o__Microtrichales;f__Ilumatobacteraceae;g__UBA3006;s__
3300021140-bin.9,d__Bacteria;p__Actinobacteriota;c__Acidimicrobiia;o__Microtrichales;f__Ilumatobacteraceae;g__UBA3006;s__
3300020552-bin.9,d__Bacteria;p__Actinobacteriota;c__Acidimicrobiia;o__Microtrichales;f__Ilumatobacteraceae;g__UBA3006;s__
3300020493-bin.10,d__Bacteria;p__Actinobacteriota;c__Acidimicrobiia;o__Microtrichales;f__Ilumatobacteraceae;g__UBA3006;s__
3300020511-bin.4,d__Bacteria;p__Actinobacteriota;c__Acidimicrobiia;o__Microtrichales;f__Ilumatobacteraceae;g__UBA3006;s__
3300020497-bin.27,d__Bacteria;p__Actinobacteriota;c__Acidimicrobiia;o__Microtrichales;f__Ilumatobacteraceae;g__UBA3006;s__
3300020523-bin.15,d__Bacteria;p__Actinobacteriota;c__Acidimicrobiia;o__Microtrichales;f__Ilumatobacteraceae;g__UBA3006;s__
3300020560-bin.23,d__Bacteria;p__Actinobacteriota;c__Acidimicrobiia;o__Microtrichales;f__Ilumatobacteraceae;g__UBA3006;s__
3300020521-bin.6,d__Bacteria;p__Actinobacteriota;c__Acidimicrobiia;o__Microtrichales;f__Ilumatobacteraceae;g__UBA3006;s__
3300020502-bin.7,d__Bacteria;p__Actinobacteriota;c__Acidimicrobiia;o__Microtrichales;f__Ilumatobacteraceae;g__UBA3006;s__
3300020546-bin.26,d__Bacteria;p__Actinobacteriota;c__Acidimicrobiia;o__Microtrichales;f__Ilumatobacteraceae;g__UBA3006;s__
3300020510-bin.16,d__Bacteria;p__Actinobacteriota;c__Acidimicrobiia;o__Microtrichales;f__Ilumatobacteraceae;g__UBA3006;s__
3300020566-bin.11,d__Bacteria;p__Actinobacteriota;c__Acidimicrobiia;o__Microtrichales;f__Ilumatobacteraceae;g__UBA3006;s__
3300020503-bin.8,d__Bacteria;p__Actinobacteriota;c__Acidimicrobiia;o__Microtrichales;f__Ilumatobacteraceae;g__UBA3006;s__
3300020558-bin.33,d__Bacteria;p__Actinobacteriota;c__Acidimicrobiia;o__Microtrichales;f__Ilumatobacteraceae;g__UBA3006;s__
3300020540-bin.14,d__Bacteria;p__Actinobacteriota;c__Acidimicrobiia;o__Microtrichales;f__Ilumatobacteraceae;g__UBA3006;s__
3300020555-bin.4,d__Bacteria;p__Actinobacteriota;c__Acidimicrobiia;o__Microtrichales;f__Ilumatobacteraceae;g__UBA3006;s__
3300020564-bin.29,d__Bacteria;p__Actinobacteriota;c__Acidimicrobiia;o__Microtrichales;f__Ilumatobacteraceae;g__UBA3006;s__
3300020499-bin.4,d__Bacteria;p__Actinobacteriota;c__Acidimicrobiia;o__Microtrichales;f__Ilumatobacteraceae;g__BACL27;s__
3300020521-bin.10,d__Bacteria;p__Actinobacteriota;c__Acidimicrobiia;o__Microtrichales;f__Ilumatobacteraceae;g__BACL27;s__
3300020509-bin.9,d__Bacteria;p__Actinobacteriota;c__Acidimicrobiia;o__Microtrichales;f__Ilumatobacteraceae;g__BACL27;s__
3300020509-bin.10,d__Bacteria;p__Actinobacteriota;c__Acidimicrobiia;o__Microtrichales;f__Ilumatobacteraceae;g__BACL27;s__
3300020521-bin.2,d__Bacteria;p__Actinobacteriota;c__Acidimicrobiia;o__Microtrichales;f__Ilumatobacteraceae;g__BACL27;s__
3300020509-bin.11,d__Bacteria;p__Actinobacteriota;c__Acidimicrobiia;o__Microtrichales;f__Ilumatobacteraceae;g__BACL27;s__
3300020499-bin.16,d__Bacteria;p__Actinobacteriota;c__Acidimicrobiia;o__Microtrichales;f__Ilumatobacteraceae;g__;s__
3300020547-bin.8,d__Bacteria;p__Actinobacteriota;c__Acidimicrobiia;o__Microtrichales;f__Ilumatobacteraceae;g__;s__
3300020557-bin.14,d__Bacteria;p__Actinobacteriota;c__Acidimicrobiia;o__Microtrichales;f__Ilumatobacteraceae;g__;s__
3300020536-bin.7,d__Bacteria;p__Actinobacteriota;c__Acidimicrobiia;o__Microtrichales;f__Ilumatobacteraceae;g__;s__
3300020521-bin.7,d__Bacteria;p__Actinobacteriota;c__Acidimicrobiia;o__Microtrichales;f__Ilumatobacteraceae;g__;s__
3300020544-bin.13,d__Bacteria;p__Actinobacteriota;c__Acidimicrobiia;o__Microtrichales;f__Ilumatobacteraceae;g__;s__
3300020518-bin.2,d__Bacteria;p__Actinobacteriota;c__Acidimicrobiia;o__Microtrichales;f__Ilumatobacteraceae;g__;s__
3300020533-bin.6,d__Bacteria;p__Actinobacteriota;c__Acidimicrobiia;o__Microtrichales;f__Ilumatobacteraceae;g__;s__
3300020503-bin.1,d__Bacteria;p__Actinobacteriota;c__Acidimicrobiia;o__Microtrichales;f__Ilumatobacteraceae;g__UBA2093;s__
3300020562-bin.35,d__Bacteria;p__Actinobacteriota;c__Acidimicrobiia;o__Microtrichales;f__Ilumatobacteraceae;g__UBA2093;s__
3300020497-bin.30,d__Bacteria;p__Actinobacteriota;c__Acidimicrobiia;o__Microtrichales;f__Ilumatobacteraceae;g__UBA2093;s__
3300020495-bin.16,d__Bacteria;p__Actinobacteriota;c__Acidimicrobiia;o__Microtrichales;f__Ilumatobacteraceae;g__UBA2093;s__
3300020523-bin.21,d__Bacteria;p__Actinobacteriota;c__Acidimicrobiia;o__Microtrichales;f__Ilumatobacteraceae;g__UBA2093;s__
3300021108-bin.19,d__Bacteria;p__Actinobacteriota;c__Acidimicrobiia;o__Microtrichales;f__Ilumatobacteraceae;g__UBA2093;s__
3300020558-bin.22,d__Bacteria;p__Actinobacteriota;c__Acidimicrobiia;o__Microtrichales;f__Ilumatobacteraceae;g__UBA2093;s__
3300020563-bin.28,d__Bacteria;p__Actinobacteriota;c__Acidimicrobiia;o__Microtrichales;f__Ilumatobacteraceae;g__UBA2093;s__
3300020496-bin.1,d__Bacteria;p__Actinobacteriota;c__Acidimicrobiia;o__Microtrichales;f__Ilumatobacteraceae;g__UBA2093;s__
3300020497-bin.14,d__Bacteria;p__Actinobacteriota;c__Acidimicrobiia;o__Microtrichales;f__Ilumatobacteraceae;g__UBA2093;s__
3300020575-bin.25,d__Bacteria;p__Actinobacteriota;c__Acidimicrobiia;o__Microtrichales;f__Ilumatobacteraceae;g__UBA2093;s__
3300020572-bin.7,d__Bacteria;p__Actinobacteriota;c__Acidimicrobiia;o__Microtrichales;f__Ilumatobacteraceae;g__UBA2093;s__
3300020560-bin.25,d__Bacteria;p__Actinobacteriota;c__Acidimicrobiia;o__Microtrichales;f__Ilumatobacteraceae;g__UBA2093;s__
3300020500-bin.15,d__Bacteria;p__Actinobacteriota;c__Acidimicrobiia;o__Microtrichales;f__Ilumatobacteraceae;g__UBA2093;s__
3300020520-bin.17,d__Bacteria;p__Actinobacteriota;c__Acidimicrobiia;o__Microtrichales;f__Ilumatobacteraceae;g__UBA2093;s__
3300020502-bin.5,d__Bacteria;p__Actinobacteriota;c__Acidimicrobiia;o__Microtrichales;f__Ilumatobacteraceae;g__UBA2093;s__
3300020534-bin.12,d__Bacteria;p__Actinobacteriota;c__Acidimicrobiia;o__Microtrichales;f__Ilumatobacteraceae;g__UBA2093;s__
3300020559-bin.17,d__Bacteria;p__Actinobacteriota;c__Acidimicrobiia;o__Microtrichales;f__Ilumatobacteraceae;g__UBA2093;s__
3300020538-bin.7,d__Bacteria;p__Actinobacteriota;c__Acidimicrobiia;o__Microtrichales;f__Ilumatobacteraceae;g__UBA2093;s__
3300021140-bin.17,d__Bacteria;p__Actinobacteriota;c__Acidimicrobiia;o__Microtrichales;f__Ilumatobacteraceae;g__UBA2093;s__
3300020520-bin.24,d__Bacteria;p__Actinobacteriota;c__Acidimicrobiia;o__Microtrichales;f__Ilumatobacteraceae;g__UBA2093;s__
3300020497-bin.28,d__Bacteria;p__Actinobacteriota;c__Acidimicrobiia;o__Microtrichales;f__Ilumatobacteraceae;g__;s__
3300020563-bin.24,d__Bacteria;p__Actinobacteriota;c__Acidimicrobiia;o__Microtrichales;f__Ilumatobacteraceae;g__Casp-actino8;s__
3300020540-bin.12,d__Bacteria;p__Actinobacteriota;c__Acidimicrobiia;o__Microtrichales;f__Ilumatobacteraceae;g__Casp-actino8;s__
3300020560-bin.12,d__Bacteria;p__Actinobacteriota;c__Acidimicrobiia;o__Microtrichales;f__Ilumatobacteraceae;g__Casp-actino8;s__
3300020516-bin.18,d__Bacteria;p__Patescibacteria;c__Paceibacteria;o__SW-4-49-11;f__SW-4-49-11;g__;s__
3300020568-bin.4,d__Bacteria;p__Chloroflexota_A;c__Ellin6529;o__CSP1-4;f__UBA10416;g__UBA10416;s__
3300020526-bin.5,d__Bacteria;p__Chloroflexota_A;c__Ellin6529;o__CSP1-4;f__UBA10416;g__UBA10416;s__
3300020504-bin.13,d__Bacteria;p__Chloroflexota_A;c__Ellin6529;o__CSP1-4;f__UBA10416;g__UBA10416;s__
3300020519-bin.16,d__Bacteria;p__Chloroflexota_A;c__Ellin6529;o__CSP1-4;f__UBA10416;g__UBA10416;s__
3300020557-bin.2,d__Bacteria;p__Chloroflexota_A;c__Ellin6529;o__CSP1-4;f__UBA10416;g__UBA10416;s__
3300020508-bin.10,d__Bacteria;p__Chloroflexota_A;c__Ellin6529;o__CSP1-4;f__UBA10416;g__UBA10416;s__
3300020560-bin.28,d__Bacteria;p__Chloroflexota_A;c__Ellin6529;o__CSP1-4;f__UBA10416;g__UBA10416;s__
3300020564-bin.17,d__Bacteria;p__Verrucomicrobiota;c__Verrucomicrobiae;o__Chthoniobacterales;f__Chthoniobacteraceae;g__;s__
3300020548-bin.2,d__Bacteria;p__Verrucomicrobiota;c__Verrucomicrobiae;o__Chthoniobacterales;f__Chthoniobacteraceae;g__;s__
3300020522-bin.12,d__Bacteria;p__Verrucomicrobiota;c__Verrucomicrobiae;o__Chthoniobacterales;f__UBA6821;g__;s__
3300020544-bin.4,d__Bacteria;p__Verrucomicrobiota;c__Verrucomicrobiae;o__Chthoniobacterales;f__;g__;s__
3300020502-bin.13,d__Bacteria;p__Verrucomicrobiota;c__Verrucomicrobiae;o__Verrucomicrobiales;f__Akkermansiaceae;g__UBA1315;s__
3300021140-bin.2,d__Bacteria;p__Verrucomicrobiota;c__Verrucomicrobiae;o__Verrucomicrobiales;f__Akkermansiaceae;g__UBA1315;s__
3300020520-bin.11,d__Bacteria;p__Verrucomicrobiota;c__Verrucomicrobiae;o__Verrucomicrobiales;f__Akkermansiaceae;g__UBA1315;s__
3300020513-bin.8,d__Bacteria;p__Verrucomicrobiota;c__Verrucomicrobiae;o__Verrucomicrobiales;f__Akkermansiaceae;g__UBA1315;s__
3300020548-bin.4,d__Bacteria;p__Verrucomicrobiota;c__Verrucomicrobiae;o__Verrucomicrobiales;f__Akkermansiaceae;g__UBA1315;s__
3300020538-bin.26,d__Bacteria;p__Verrucomicrobiota;c__Verrucomicrobiae;o__Verrucomicrobiales;f__Akkermansiaceae;g__UBA1315;s__
3300020562-bin.36,d__Bacteria;p__Verrucomicrobiota;c__Verrucomicrobiae;o__Verrucomicrobiales;f__Akkermansiaceae;g__UBA956;s__
3300021141-bin.17,d__Bacteria;p__Verrucomicrobiota;c__Verrucomicrobiae;o__Verrucomicrobiales;f__Verrucomicrobiaceae;g__Prosthecobacter;s__
3300021141-bin.31,d__Bacteria;p__Verrucomicrobiota;c__Verrucomicrobiae;o__Opitutales;f__UBA953;g__UBA953;s__
3300020571-bin.8,d__Bacteria;p__Verrucomicrobiota;c__Verrucomicrobiae;o__Opitutales;f__UBA953;g__UBA953;s__
3300020562-bin.20,d__Bacteria;p__Verrucomicrobiota;c__Verrucomicrobiae;o__Opitutales;f__UBA953;g__UBA953;s__
3300020544-bin.7,d__Bacteria;p__Planctomycetota;c__Planctomycetes;o__Pirellulales;f__Pirellulaceae;g__Pirellula_B;s__
3300020526-bin.4,d__Bacteria;p__Planctomycetota;c__Planctomycetes;o__Pirellulales;f__Pirellulaceae;g__Pirellula_B;s__
3300020537-bin.19,d__Bacteria;p__Planctomycetota;c__Planctomycetes;o__Pirellulales;f__Pirellulaceae;g__Pirellula_B;s__
3300020531-bin.11,d__Bacteria;p__Planctomycetota;c__Planctomycetes;o__Pirellulales;f__Pirellulaceae;g__Pirellula_B;s__
3300020555-bin.7,d__Bacteria;p__Planctomycetota;c__Planctomycetes;o__Pirellulales;f__Pirellulaceae;g__Pirellula_B;s__
3300020514-bin.9,d__Bacteria;p__Planctomycetota;c__Planctomycetes;o__Pirellulales;f__Pirellulaceae;g__Pirellula_B;s__
3300020566-bin.10,d__Bacteria;p__Planctomycetota;c__Planctomycetes;o__Pirellulales;f__Pirellulaceae;g__Pirellula_B;s__
3300020510-bin.6,d__Bacteria;p__Planctomycetota;c__Planctomycetes;o__Pirellulales;f__Pirellulaceae;g__Pirellula_B;s__
3300021141-bin.52,d__Bacteria;p__Planctomycetota;c__Planctomycetes;o__Pirellulales;f__Pirellulaceae;g__Pirellula_B;s__
3300020539-bin.3,d__Bacteria;p__Planctomycetota;c__Planctomycetes;o__Pirellulales;f__Pirellulaceae;g__Pirellula_B;s__
3300020508-bin.4,d__Bacteria;p__Planctomycetota;c__Planctomycetes;o__Pirellulales;f__Pirellulaceae;g__Pirellula_B;s__
3300020518-bin.8,d__Bacteria;p__Planctomycetota;c__Planctomycetes;o__Pirellulales;f__UBA1268;g__UBA4655;s__
3300020564-bin.6,d__Bacteria;p__Planctomycetota;c__Planctomycetes;o__Pirellulales;f__UBA1268;g__BAIKAL-G1-2R;s__
3300020548-bin.16,d__Bacteria;p__Planctomycetota;c__Planctomycetes;o__Pirellulales;f__UBA1268;g__BAIKAL-G1-2R;s__
3300020510-bin.3,d__Bacteria;p__Planctomycetota;c__Planctomycetes;o__Pirellulales;f__UBA1268;g__BAIKAL-G1-2R;s__
3300020504-bin.3,d__Bacteria;p__Planctomycetota;c__Planctomycetes;o__Pirellulales;f__UBA1268;g__BAIKAL-G1-2R;s__
3300020521-bin.8,d__Bacteria;p__Planctomycetota;c__Planctomycetes;o__Gemmatales;f__Gemmataceae;g__UBA969;s__
3300020503-bin.7,d__Bacteria;p__Planctomycetota;c__Planctomycetes;o__Gemmatales;f__Gemmataceae;g__UBA969;s__
3300020523-bin.3,d__Bacteria;p__Planctomycetota;c__Planctomycetes;o__Gemmatales;f__Gemmataceae;g__UBA969;s__
3300020548-bin.11,d__Bacteria;p__Planctomycetota;c__Planctomycetes;o__Gemmatales;f__Gemmataceae;g__UBA969;s__
3300020543-bin.7,d__Bacteria;p__Planctomycetota;c__Planctomycetes;o__Gemmatales;f__Gemmataceae;g__UBA969;s__
3300020552-bin.12,d__Bacteria;p__Planctomycetota;c__Planctomycetes;o__Gemmatales;f__Gemmataceae;g__UBA969;s__
3300020495-bin.7,d__Bacteria;p__Planctomycetota;c__Planctomycetes;o__Isosphaerales;f__;g__;s__
3300020547-bin.9,d__Bacteria;p__Planctomycetota;c__UBA1135;o__UBA1135;f__GCA-002686595;g__;s__
3300021108-bin.1,d__Bacteria;p__Bacteroidota;c__Bacteroidia;o__Flavobacteriales;f__Flavobacteriaceae;g__Flavobacterium;s__
3300020562-bin.25,d__Bacteria;p__Bacteroidota;c__Bacteroidia;o__Flavobacteriales;f__Flavobacteriaceae;g__Flavobacterium;s__
3300020546-bin.16,d__Bacteria;p__Bacteroidota;c__Bacteroidia;o__Flavobacteriales;f__Flavobacteriaceae;g__Flavobacterium;s__
3300020537-bin.5,d__Bacteria;p__Bacteroidota;c__Bacteroidia;o__Flavobacteriales;f__Flavobacteriaceae;g__Flavobacterium;s__
3300021141-bin.29,d__Bacteria;p__Bacteroidota;c__Bacteroidia;o__Flavobacteriales;f__Flavobacteriaceae;g__Flavobacterium;s__
3300020539-bin.2,d__Bacteria;p__Bacteroidota;c__Bacteroidia;o__Flavobacteriales;f__Flavobacteriaceae;g__Flavobacterium;s__
3300020526-bin.7,d__Bacteria;p__Bacteroidota;c__Bacteroidia;o__Flavobacteriales;f__Flavobacteriaceae;g__Flavobacterium;s__
3300020538-bin.12,d__Bacteria;p__Bacteroidota;c__Bacteroidia;o__Flavobacteriales;f__Flavobacteriaceae;g__Flavobacterium;s__
3300020566-bin.16,d__Bacteria;p__Bacteroidota;c__Bacteroidia;o__Flavobacteriales;f__Flavobacteriaceae;g__UBA7684;s__
3300020552-bin.15,d__Bacteria;p__Bacteroidota;c__Bacteroidia;o__Flavobacteriales;f__Cryomorphaceae;g__TMED14;s__
3300020497-bin.31,d__Bacteria;p__Bacteroidota;c__Bacteroidia;o__Flavobacteriales;f__Crocinitomicaceae;g__UBA952;s__
3300020519-bin.22,d__Bacteria;p__Bacteroidota;c__Bacteroidia;o__Flavobacteriales;f__Crocinitomicaceae;g__UBA952;s__
3300020569-bin.8,d__Bacteria;p__Bacteroidota;c__Bacteroidia;o__Flavobacteriales;f__Crocinitomicaceae;g__UBA952;s__
3300020524-bin.12,d__Bacteria;p__Bacteroidota;c__Bacteroidia;o__Flavobacteriales;f__Crocinitomicaceae;g__UBA952;s__
3300020492-bin.7,d__Bacteria;p__Bacteroidota;c__Bacteroidia;o__Flavobacteriales;f__UA16;g__;s__
3300020562-bin.14,d__Bacteria;p__Bacteroidota;c__Bacteroidia;o__Flavobacteriales;f__UA16;g__;s__
3300020553-bin.6,d__Bacteria;p__Bacteroidota;c__Bacteroidia;o__AKYH767;f__b-17BO;g__;s__
3300020570-bin.4,d__Bacteria;p__Bacteroidota;c__Bacteroidia;o__UBA7662;f__UBA7662;g__;s__
3300020562-bin.44,d__Bacteria;p__Bacteroidota;c__Bacteroidia;o__NS11-12g;f__UBA955;g__UBA955;s__
3300021141-bin.54,d__Bacteria;p__Bacteroidota;c__Bacteroidia;o__Cytophagales;f__Spirosomaceae;g__UBA6715;s__
3300020572-bin.37,d__Bacteria;p__Bacteroidota;c__Bacteroidia;o__Chitinophagales;f__Chitinophagaceae;g__;s__
3300020539-bin.14,d__Bacteria;p__Bacteroidota;c__Bacteroidia;o__Chitinophagales;f__Chitinophagaceae;g__;s__
3300020562-bin.12,d__Bacteria;p__Bacteroidota;c__Bacteroidia;o__Chitinophagales;f__Chitinophagaceae;g__UBA8137;s__
3300020544-bin.10,d__Bacteria;p__Bacteroidota;c__Bacteroidia;o__Chitinophagales;f__Chitinophagaceae;g__UBA8137;s__
3300021140-bin.7,d__Bacteria;p__Bacteroidota;c__Bacteroidia;o__Chitinophagales;f__Chitinophagaceae;g__UBA8137;s__
3300020562-bin.31,d__Bacteria;p__Bacteroidota;c__Bacteroidia;o__Chitinophagales;f__Chitinophagaceae;g__UBA8137;s__
3300021140-bin.31,d__Bacteria;p__Bacteroidota;c__Bacteroidia;o__Chitinophagales;f__Chitinophagaceae;g__UBA8137;s__
3300020552-bin.16,d__Bacteria;p__Bacteroidota;c__Bacteroidia;o__Chitinophagales;f__Chitinophagaceae;g__UBA8137;s__
3300020562-bin.21,d__Bacteria;p__Bacteroidota;c__Bacteroidia;o__Chitinophagales;f__Chitinophagaceae;g__UBA8137;s__
3300020562-bin.39,d__Bacteria;p__Bacteroidota;c__Bacteroidia;o__Chitinophagales;f__Chitinophagaceae;g__UBA8137;s__
3300020547-bin.11,d__Bacteria;p__Bacteroidota;c__Bacteroidia;o__Chitinophagales;f__Chitinophagaceae;g__UBA8137;s__
3300020554-bin.2,d__Bacteria;p__Bacteroidota;c__Bacteroidia;o__Chitinophagales;f__Chitinophagaceae;g__UBA8137;s__
3300020552-bin.17,d__Bacteria;p__Bacteroidota;c__Bacteroidia;o__Chitinophagales;f__Chitinophagaceae;g__UBA8137;s__
3300020533-bin.7,d__Bacteria;p__Bacteroidota;c__Bacteroidia;o__Chitinophagales;f__Chitinophagaceae;g__UBA8137;s__
3300020546-bin.10,d__Bacteria;p__Bacteroidota;c__Bacteroidia;o__Chitinophagales;f__Chitinophagaceae;g__BSSC1;s__
3300020560-bin.26,d__Bacteria;p__Bacteroidota;c__Bacteroidia;o__Chitinophagales;f__UBA8649;g__;s__
3300020563-bin.20,d__Bacteria;p__Bacteroidota;c__Bacteroidia;o__Chitinophagales;f__UBA8649;g__;s__
3300020537-bin.1,d__Bacteria;p__Bacteroidota;c__Bacteroidia;o__Chitinophagales;f__UBA8649;g__;s__
3300020538-bin.10,d__Bacteria;p__Bacteroidota;c__Bacteroidia;o__Chitinophagales;f__UBA8649;g__;s__
3300020562-bin.5,d__Bacteria;p__Bacteroidota;c__Bacteroidia;o__Chitinophagales;f__UBA8649;g__;s__
3300020548-bin.10,d__Bacteria;p__Proteobacteria;c__Gammaproteobacteria;o__Methylococcales;f__Methylomonadaceae;g__UBA10906;s__
3300021140-bin.49,d__Bacteria;p__Proteobacteria;c__Gammaproteobacteria;o__Methylococcales;f__Methylomonadaceae;g__UBA10906;s__
3300020543-bin.11,d__Bacteria;p__Proteobacteria;c__Gammaproteobacteria;o__Methylococcales;f__Methylomonadaceae;g__UBA10906;s__
3300020519-bin.18,d__Bacteria;p__Proteobacteria;c__Gammaproteobacteria;o__Methylococcales;f__Methylomonadaceae;g__Methylomonas;s__
3300021140-bin.22,d__Bacteria;p__Proteobacteria;c__Gammaproteobacteria;o__Burkholderiales;f__Burkholderiaceae;g__Limnohabitans;s__
3300020552-bin.11,d__Bacteria;p__Proteobacteria;c__Gammaproteobacteria;o__Burkholderiales;f__Burkholderiaceae;g__Limnohabitans;s__
3300020548-bin.3,d__Bacteria;p__Proteobacteria;c__Gammaproteobacteria;o__Burkholderiales;f__Burkholderiaceae;g__Limnohabitans;s__
3300020517-bin.17,d__Bacteria;p__Proteobacteria;c__Gammaproteobacteria;o__Burkholderiales;f__Burkholderiaceae;g__Limnohabitans;s__
3300021108-bin.18,d__Bacteria;p__Proteobacteria;c__Gammaproteobacteria;o__Burkholderiales;f__Burkholderiaceae;g__Limnohabitans;s__
3300020558-bin.26,d__Bacteria;p__Proteobacteria;c__Gammaproteobacteria;o__Burkholderiales;f__Burkholderiaceae;g__Limnohabitans;s__
3300020503-bin.12,d__Bacteria;p__Proteobacteria;c__Gammaproteobacteria;o__Burkholderiales;f__Burkholderiaceae;g__Limnohabitans;s__
3300020512-bin.21,d__Bacteria;p__Proteobacteria;c__Gammaproteobacteria;o__Burkholderiales;f__Burkholderiaceae;g__Polaromonas;s__
3300021140-bin.26,d__Bacteria;p__Proteobacteria;c__Gammaproteobacteria;o__Burkholderiales;f__Methylophilaceae;g__Methylotenera;s__
3300020548-bin.13,d__Bacteria;p__Proteobacteria;c__Gammaproteobacteria;o__Burkholderiales;f__Methylophilaceae;g__Methylotenera;s__
3300020522-bin.1,d__Bacteria;p__Proteobacteria;c__Gammaproteobacteria;o__Burkholderiales;f__Methylophilaceae;g__Methylopumilus;s__
3300020575-bin.32,d__Bacteria;p__Proteobacteria;c__Gammaproteobacteria;o__Burkholderiales;f__Methylophilaceae;g__Methylopumilus;s__
3300020553-bin.4,d__Bacteria;p__Proteobacteria;c__Gammaproteobacteria;o__Burkholderiales;f__Methylophilaceae;g__Methylopumilus;s__
3300020557-bin.1,d__Bacteria;p__Proteobacteria;c__Gammaproteobacteria;o__Burkholderiales;f__Methylophilaceae;g__Methylopumilus;s__
3300020499-bin.10,d__Bacteria;p__Proteobacteria;c__Gammaproteobacteria;o__Burkholderiales;f__Methylophilaceae;g__Methylopumilus;s__
3300020554-bin.21,d__Bacteria;p__Proteobacteria;c__Gammaproteobacteria;o__Burkholderiales;f__Methylophilaceae;g__Methylopumilus;s__
3300020517-bin.12,d__Bacteria;p__Proteobacteria;c__Gammaproteobacteria;o__Burkholderiales;f__Methylophilaceae;g__Methylopumilus;s__
3300020540-bin.15,d__Bacteria;p__Proteobacteria;c__Gammaproteobacteria;o__Burkholderiales;f__Methylophilaceae;g__Methylopumilus;s__
3300020556-bin.15,d__Bacteria;p__Proteobacteria;c__Gammaproteobacteria;o__Burkholderiales;f__Methylophilaceae;g__Methylopumilus;s__
3300020496-bin.4,d__Bacteria;p__Proteobacteria;c__Gammaproteobacteria;o__Burkholderiales;f__Methylophilaceae;g__Methylopumilus;s__
3300020572-bin.34,d__Bacteria;p__Proteobacteria;c__Gammaproteobacteria;o__Burkholderiales;f__Methylophilaceae;g__Methylopumilus;s__
3300020544-bin.11,d__Bacteria;p__Proteobacteria;c__Gammaproteobacteria;o__Burkholderiales;f__Methylophilaceae;g__Methylopumilus;s__
3300020548-bin.7,d__Bacteria;p__Proteobacteria;c__Gammaproteobacteria;o__Burkholderiales;f__Methylophilaceae;g__Methylopumilus;s__
3300020552-bin.25,d__Bacteria;p__Proteobacteria;c__Gammaproteobacteria;o__Burkholderiales;f__Methylophilaceae;g__Methylopumilus;s__
3300020546-bin.8,d__Bacteria;p__Proteobacteria;c__Gammaproteobacteria;o__Burkholderiales;f__Methylophilaceae;g__Methylopumilus;s__
3300020536-bin.8,d__Bacteria;p__Proteobacteria;c__Gammaproteobacteria;o__Burkholderiales;f__Methylophilaceae;g__Methylopumilus;s__
3300020507-bin.8,d__Bacteria;p__Proteobacteria;c__Gammaproteobacteria;o__Burkholderiales;f__Methylophilaceae;g__Methylopumilus;s__
3300020571-bin.14,d__Bacteria;p__Proteobacteria;c__Gammaproteobacteria;o__Burkholderiales;f__Methylophilaceae;g__Methylopumilus;s__
3300020558-bin.35,d__Bacteria;p__Proteobacteria;c__Gammaproteobacteria;o__Burkholderiales;f__Methylophilaceae;g__Methylopumilus;s__
3300020569-bin.16,d__Bacteria;p__Proteobacteria;c__Gammaproteobacteria;o__Burkholderiales;f__Methylophilaceae;g__Methylopumilus;s__
3300020492-bin.6,d__Bacteria;p__Proteobacteria;c__Gammaproteobacteria;o__Burkholderiales;f__Methylophilaceae;g__Methylopumilus;s__
3300020534-bin.1,d__Bacteria;p__Proteobacteria;c__Gammaproteobacteria;o__Burkholderiales;f__Methylophilaceae;g__Methylopumilus;s__
3300020528-bin.9,d__Bacteria;p__Proteobacteria;c__Gammaproteobacteria;o__Burkholderiales;f__Methylophilaceae;g__Methylopumilus;s__
3300020508-bin.1,d__Bacteria;p__Proteobacteria;c__Gammaproteobacteria;o__Burkholderiales;f__Methylophilaceae;g__Methylopumilus;s__
3300020531-bin.8,d__Bacteria;p__Proteobacteria;c__Gammaproteobacteria;o__Burkholderiales;f__Methylophilaceae;g__Methylopumilus;s__
3300020543-bin.16,d__Bacteria;p__Proteobacteria;c__Gammaproteobacteria;o__Burkholderiales;f__Methylophilaceae;g__Methylopumilus;s__
3300020573-bin.24,d__Bacteria;p__Proteobacteria;c__Gammaproteobacteria;o__Burkholderiales;f__Methylophilaceae;g__Methylopumilus;s__
3300020568-bin.14,d__Bacteria;p__Proteobacteria;c__Gammaproteobacteria;o__Burkholderiales;f__Methylophilaceae;g__Methylopumilus;s__
3300020537-bin.11,d__Bacteria;p__Proteobacteria;c__Gammaproteobacteria;o__Burkholderiales;f__Methylophilaceae;g__Methylopumilus;s__
3300020529-bin.5,d__Bacteria;p__Proteobacteria;c__Gammaproteobacteria;o__Burkholderiales;f__Methylophilaceae;g__Methylopumilus;s__
3300020560-bin.15,d__Bacteria;p__Proteobacteria;c__Gammaproteobacteria;o__Burkholderiales;f__Methylophilaceae;g__Methylopumilus;s__
3300020562-bin.16,d__Bacteria;p__Proteobacteria;c__Gammaproteobacteria;o__Burkholderiales;f__Methylophilaceae;g__Methylopumilus;s__
3300020515-bin.8,d__Bacteria;p__Proteobacteria;c__Gammaproteobacteria;o__Burkholderiales;f__Methylophilaceae;g__Methylopumilus;s__
3300020519-bin.15,d__Bacteria;p__Proteobacteria;c__Gammaproteobacteria;o__Burkholderiales;f__Methylophilaceae;g__Methylopumilus;s__
3300020512-bin.10,d__Bacteria;p__Proteobacteria;c__Gammaproteobacteria;o__Burkholderiales;f__Methylophilaceae;g__Methylopumilus;s__
3300020563-bin.43,d__Bacteria;p__Proteobacteria;c__Gammaproteobacteria;o__Burkholderiales;f__Methylophilaceae;g__Methylopumilus;s__
3300020538-bin.19,d__Bacteria;p__Proteobacteria;c__Alphaproteobacteria;o__Sphingomonadales;f__Sphingomonadaceae;g__Ga0077559;s__
3300020522-bin.7,d__Bacteria;p__Proteobacteria;c__Alphaproteobacteria;o__Sphingomonadales;f__Sphingomonadaceae;g__Ga0077559;s__
3300020525-bin.11,d__Bacteria;p__Proteobacteria;c__Alphaproteobacteria;o__Paracaedibacterales;f__UBA11393;g__;s__
