3300020480,*Microbiome,Permanent Draft,"Freshwater microbial communities from Lake Mendota and Trout Bog Lake, Wisconsin, USA","Freshwater microbial communities from Lake Mendota, WI - 16JUL2010 deep hole epilimnion (SPAdes)",DOE Joint Genome Institute (JGI),3300020480,9/7/17,spades v. 3.11.1,29757192,68146
3300020481,*Microbiome,Permanent Draft,"Freshwater microbial communities from Lake Mendota and Trout Bog Lake, Wisconsin, USA","Freshwater microbial communities from Lake Mendota, WI - 23JUL2008 deep hole epilimnion (SPAdes)",DOE Joint Genome Institute (JGI),3300020481,9/7/17,spades v. 3.11.1,29397901,63441
3300020482,*Microbiome,Permanent Draft,"Freshwater microbial communities from Lake Mendota and Trout Bog Lake, Wisconsin, USA","Freshwater microbial communities from Lake Mendota, WI - 13SEPL2008 deep hole epilimnion (SPAdes)",DOE Joint Genome Institute (JGI),3300020482,9/7/17,spades v. 3.11.1,29508671,66978
3300020483,*Microbiome,Permanent Draft,"Freshwater microbial communities from Lake Mendota and Trout Bog Lake, Wisconsin, USA","Freshwater microbial communities from Lake Mendota, WI - 05AUG2008 deep hole epilimnion (SPAdes)",DOE Joint Genome Institute (JGI),3300020483,9/7/17,spades v. 3.11.1,37262621,82595
3300020484,*Microbiome,Permanent Draft,"Freshwater microbial communities from Lake Mendota and Trout Bog Lake, Wisconsin, USA","Freshwater microbial communities from Lake Mendota, WI - 8OCT2008 deep hole epilimnion (SPAdes)",DOE Joint Genome Institute (JGI),3300020484,9/7/17,spades v. 3.11.1,33830126,81384
3300020485,*Microbiome,Permanent Draft,"Freshwater microbial communities from Lake Mendota and Trout Bog Lake, Wisconsin, USA","Freshwater microbial communities from Lake Mendota, WI - 03JUL2008 deep hole epilimnion (SPAdes)",DOE Joint Genome Institute (JGI),3300020485,9/7/17,spades v. 3.11.1,36163084,75277
3300020486,*Microbiome,Permanent Draft,"Freshwater microbial communities from Lake Mendota and Trout Bog Lake, Wisconsin, USA","Freshwater microbial communities from Lake Mendota, WI - 20AUG2008 deep hole epilimnion (SPAdes)",DOE Joint Genome Institute (JGI),3300020486,9/7/17,spades v. 3.11.1,41338551,92330
3300020487,*Microbiome,Permanent Draft,"Freshwater microbial communities from Lake Mendota and Trout Bog Lake, Wisconsin, USA","Freshwater microbial communities from Lake Mendota, WI - 13AUG2008 deep hole epilimnion (SPAdes)",DOE Joint Genome Institute (JGI),3300020487,9/7/17,spades v. 3.11.1,41243789,90955
3300020488,*Microbiome,Permanent Draft,"Freshwater microbial communities from Lake Mendota and Trout Bog Lake, Wisconsin, USA","Freshwater microbial communities from Lake Mendota, WI - 17OCT2008 deep hole epilimnion (SPAdes)",DOE Joint Genome Institute (JGI),3300020488,9/7/17,spades v. 3.11.1,39893704,87709
3300020489,*Microbiome,Permanent Draft,"Freshwater microbial communities from Lake Mendota and Trout Bog Lake, Wisconsin, USA","Freshwater microbial communities from Lake Mendota, WI - 21JUL2008 deep hole epilimnion (SPAdes)",DOE Joint Genome Institute (JGI),3300020489,9/7/17,spades v. 3.11.1,53271928,109781
3300020490,*Microbiome,Permanent Draft,"Freshwater microbial communities from Lake Mendota and Trout Bog Lake, Wisconsin, USA","Freshwater microbial communities from Lake Mendota, WI - 18JUL2008 deep hole epilimnion (SPAdes)",DOE Joint Genome Institute (JGI),3300020490,9/7/17,spades v. 3.11.1,44229334,99574
3300020491,*Microbiome,Permanent Draft,"Freshwater microbial communities from Lake Mendota and Trout Bog Lake, Wisconsin, USA","Freshwater microbial communities from Lake Mendota, WI - 19JUL2008 deep hole epilimnion (SPAdes)",DOE Joint Genome Institute (JGI),3300020491,9/7/17,spades v. 3.11.1,43192318,93879
3300020492,*Microbiome,Permanent Draft,"Freshwater microbial communities from Lake Mendota and Trout Bog Lake, Wisconsin, USA","Freshwater microbial communities from Lake Mendota, WI - 01JUN2011 deep hole epilimnion ns (SPAdes)",DOE Joint Genome Institute (JGI),3300020492,9/7/17,spades v. 3.11.1,80394658,164662
3300020493,*Microbiome,Permanent Draft,"Freshwater microbial communities from Lake Mendota and Trout Bog Lake, Wisconsin, USA","Freshwater microbial communities from Lake Mendota, WI - 14NOV2009 deep hole epilimnion (SPAdes)",DOE Joint Genome Institute (JGI),3300020493,9/7/17,spades v. 3.11.1,77169164,155620
3300020494,*Microbiome,Permanent Draft,"Freshwater microbial communities from Lake Mendota and Trout Bog Lake, Wisconsin, USA","Freshwater microbial communities from Lake Mendota, WI - 25SEP2008 deep hole epilimnion (SPAdes)",DOE Joint Genome Institute (JGI),3300020494,9/7/17,spades v. 3.11.1,44831632,104635
3300020495,*Microbiome,Permanent Draft,"Freshwater microbial communities from Lake Mendota and Trout Bog Lake, Wisconsin, USA","Freshwater microbial communities from Lake Mendota, WI - 20APR2010 deep hole epilimnion (SPAdes)",DOE Joint Genome Institute (JGI),3300020495,9/7/17,spades v. 3.11.1,86760539,171499
3300020496,*Microbiome,Permanent Draft,"Freshwater microbial communities from Lake Mendota and Trout Bog Lake, Wisconsin, USA","Freshwater microbial communities from Lake Mendota, WI - 01NOV2011 deep hole epilimnion (SPAdes)",DOE Joint Genome Institute (JGI),3300020496,9/7/17,spades v. 3.11.1,62438126,139557
3300020497,*Microbiome,Permanent Draft,"Freshwater microbial communities from Lake Mendota and Trout Bog Lake, Wisconsin, USA","Freshwater microbial communities from Lake Mendota, WI - 18MAY2010 deep hole epilimnion ns (SPAdes)",DOE Joint Genome Institute (JGI),3300020497,9/7/17,spades v. 3.11.1,91023586,168416
3300020498,*Microbiome,Permanent Draft,"Freshwater microbial communities from Lake Mendota and Trout Bog Lake, Wisconsin, USA","Freshwater microbial communities from Lake Mendota, WI - 13JUN2010 deep hole epilimnion (SPAdes)",DOE Joint Genome Institute (JGI),3300020498,9/7/17,spades v. 3.11.1,70674161,166757
3300020499,*Microbiome,Permanent Draft,"Freshwater microbial communities from Lake Mendota and Trout Bog Lake, Wisconsin, USA","Freshwater microbial communities from Lake Mendota, WI - 14SEP2009 deep hole epilimnion (SPAdes)",DOE Joint Genome Institute (JGI),3300020499,9/7/17,spades v. 3.11.1,77601148,168898
3300020500,*Microbiome,Permanent Draft,"Freshwater microbial communities from Lake Mendota and Trout Bog Lake, Wisconsin, USA","Freshwater microbial communities from Lake Mendota, WI - 9JUL2008 deep hole epilimnion (SPAdes)",DOE Joint Genome Institute (JGI),3300020500,9/7/17,spades v. 3.11.1,86283068,171638
3300020501,*Microbiome,Permanent Draft,"Freshwater microbial communities from Lake Mendota and Trout Bog Lake, Wisconsin, USA","Freshwater microbial communities from Lake Mendota, WI - 27SEP2009 deep hole epilimnion (SPAdes)",DOE Joint Genome Institute (JGI),3300020501,9/7/17,spades v. 3.11.1,79283832,171622
3300020502,*Microbiome,Permanent Draft,"Freshwater microbial communities from Lake Mendota and Trout Bog Lake, Wisconsin, USA","Freshwater microbial communities from Lake Mendota, WI - 29OCT2010 deep hole epilimnion (SPAdes)",DOE Joint Genome Institute (JGI),3300020502,9/7/17,spades v. 3.11.1,89106005,179042
3300020503,*Microbiome,Permanent Draft,"Freshwater microbial communities from Lake Mendota and Trout Bog Lake, Wisconsin, USA","Freshwater microbial communities from Lake Mendota, WI - 03MAY2011 deep hole epilimnion (SPAdes)",DOE Joint Genome Institute (JGI),3300020503,9/7/17,spades v. 3.11.1,99388245,182326
3300020504,*Microbiome,Permanent Draft,"Freshwater microbial communities from Lake Mendota and Trout Bog Lake, Wisconsin, USA","Freshwater microbial communities from Lake Mendota, WI - 09AUG2011 deep hole epilimnion (SPAdes)",DOE Joint Genome Institute (JGI),3300020504,9/7/17,spades v. 3.11.1,82525929,178723
3300020505,*Microbiome,Permanent Draft,"Freshwater microbial communities from Lake Mendota and Trout Bog Lake, Wisconsin, USA","Freshwater microbial communities from Lake Mendota, WI - 02APR2012 deep hole epilimnion (SPAdes)",DOE Joint Genome Institute (JGI),3300020505,9/7/17,spades v. 3.11.1,92671562,187180
3300020506,*Microbiome,Permanent Draft,"Freshwater microbial communities from Lake Mendota and Trout Bog Lake, Wisconsin, USA","Freshwater microbial communities from Lake Mendota, WI - 26OCT2012 deep hole epilimnion (SPAdes)",DOE Joint Genome Institute (JGI),3300020506,9/7/17,spades v. 3.11.1,80859175,191095
3300020507,*Microbiome,Permanent Draft,"Freshwater microbial communities from Lake Mendota and Trout Bog Lake, Wisconsin, USA","Freshwater microbial communities from Lake Mendota, WI - 12SEP2008 deep hole epilimnion (SPAdes)",DOE Joint Genome Institute (JGI),3300020507,9/7/17,spades v. 3.11.1,83144800,182197
3300020508,*Microbiome,Permanent Draft,"Freshwater microbial communities from Lake Mendota and Trout Bog Lake, Wisconsin, USA","Freshwater microbial communities from Lake Mendota, WI - 15JUN2010 deep hole epilimnion (SPAdes)",DOE Joint Genome Institute (JGI),3300020508,9/7/17,spades v. 3.11.1,94956560,192055
3300020509,*Microbiome,Permanent Draft,"Freshwater microbial communities from Lake Mendota and Trout Bog Lake, Wisconsin, USA","Freshwater microbial communities from Lake Mendota, WI - 14SEP2010 deep hole epilimnion (SPAdes)",DOE Joint Genome Institute (JGI),3300020509,9/7/17,spades v. 3.11.1,87375059,191958
3300020510,*Microbiome,Permanent Draft,"Freshwater microbial communities from Lake Mendota and Trout Bog Lake, Wisconsin, USA","Freshwater microbial communities from Lake Mendota, WI - 06JUL2010 deep hole epilimnion (SPAdes)",DOE Joint Genome Institute (JGI),3300020510,9/7/17,spades v. 3.11.1,98024838,189164
3300020511,*Microbiome,Permanent Draft,"Freshwater microbial communities from Lake Mendota and Trout Bog Lake, Wisconsin, USA","Freshwater microbial communities from Lake Mendota, WI - 15JUL2010 deep hole epilimnion (SPAdes)",DOE Joint Genome Institute (JGI),3300020511,9/7/17,spades v. 3.11.1,84250011,195942
3300020512,*Microbiome,Permanent Draft,"Freshwater microbial communities from Lake Mendota and Trout Bog Lake, Wisconsin, USA","Freshwater microbial communities from Lake Mendota, WI - 19NOV2010 deep hole epilimnion (SPAdes)",DOE Joint Genome Institute (JGI),3300020512,9/7/17,spades v. 3.11.1,97976217,201086
3300020513,*Microbiome,Permanent Draft,"Freshwater microbial communities from Lake Mendota and Trout Bog Lake, Wisconsin, USA","Freshwater microbial communities from Lake Mendota, WI - 20JUL2012 deep hole epilimnion (SPAdes)",DOE Joint Genome Institute (JGI),3300020513,9/7/17,spades v. 3.11.1,96192471,196111
3300020514,*Microbiome,Permanent Draft,"Freshwater microbial communities from Lake Mendota and Trout Bog Lake, Wisconsin, USA","Freshwater microbial communities from Lake Mendota, WI - 27AUG2008 deep hole epilimnion (SPAdes)",DOE Joint Genome Institute (JGI),3300020514,9/7/17,spades v. 3.11.1,90079343,202438
3300020515,*Microbiome,Permanent Draft,"Freshwater microbial communities from Lake Mendota and Trout Bog Lake, Wisconsin, USA","Freshwater microbial communities from Lake Mendota, WI - 27SEP2012 deep hole epilimnion (SPAdes)",DOE Joint Genome Institute (JGI),3300020515,9/7/17,spades v. 3.11.1,86138917,205909
3300020516,*Microbiome,Permanent Draft,"Freshwater microbial communities from Lake Mendota and Trout Bog Lake, Wisconsin, USA","Freshwater microbial communities from Lake Mendota, WI - 30AUG2010 deep hole epilimnion (SPAdes)",DOE Joint Genome Institute (JGI),3300020516,9/7/17,spades v. 3.11.1,97773337,205254
3300020517,*Microbiome,Permanent Draft,"Freshwater microbial communities from Lake Mendota and Trout Bog Lake, Wisconsin, USA","Freshwater microbial communities from Lake Mendota, WI - 30NOV2011 deep hole epilimnion (SPAdes)",DOE Joint Genome Institute (JGI),3300020517,9/7/17,spades v. 3.11.1,101948606,207568
3300020518,*Microbiome,Permanent Draft,"Freshwater microbial communities from Lake Mendota and Trout Bog Lake, Wisconsin, USA","Freshwater microbial communities from Lake Mendota, WI - 17AUG2010 deep hole epilimnion (SPAdes)",DOE Joint Genome Institute (JGI),3300020518,9/7/17,spades v. 3.11.1,92637055,205756
3300020519,*Microbiome,Permanent Draft,"Freshwater microbial communities from Lake Mendota and Trout Bog Lake, Wisconsin, USA","Freshwater microbial communities from Lake Mendota, WI - 07OCT2009 deep hole epilimnion ns (SPAdes)",DOE Joint Genome Institute (JGI),3300020519,9/7/17,spades v. 3.11.1,97503601,210105
3300020520,*Microbiome,Permanent Draft,"Freshwater microbial communities from Lake Mendota and Trout Bog Lake, Wisconsin, USA","Freshwater microbial communities from Lake Mendota, WI - 02JUN2010 deep hole epilimnion (SPAdes)",DOE Joint Genome Institute (JGI),3300020520,9/7/17,spades v. 3.11.1,106673611,211506
3300020521,*Microbiome,Permanent Draft,"Freshwater microbial communities from Lake Mendota and Trout Bog Lake, Wisconsin, USA","Freshwater microbial communities from Lake Mendota, WI - 26SEP2010 deep hole epilimnion (SPAdes)",DOE Joint Genome Institute (JGI),3300020521,9/7/17,spades v. 3.11.1,106647987,215397
3300020522,*Microbiome,Permanent Draft,"Freshwater microbial communities from Lake Mendota and Trout Bog Lake, Wisconsin, USA","Freshwater microbial communities from Lake Mendota, WI - 26JUN2008 deep hole epilimnion (SPAdes)",DOE Joint Genome Institute (JGI),3300020522,9/7/17,spades v. 3.11.1,106178408,214876
3300020523,*Microbiome,Permanent Draft,"Freshwater microbial communities from Lake Mendota and Trout Bog Lake, Wisconsin, USA","Freshwater microbial communities from Lake Mendota, WI - 18MAY2011 deep hole epilimnion ns (SPAdes)",DOE Joint Genome Institute (JGI),3300020523,9/7/17,spades v. 3.11.1,110427401,216454
3300020524,*Microbiome,Permanent Draft,"Freshwater microbial communities from Lake Mendota and Trout Bog Lake, Wisconsin, USA","Freshwater microbial communities from Lake Mendota, WI - 16NOV2012 deep hole epilimnion (SPAdes)",DOE Joint Genome Institute (JGI),3300020524,9/7/17,spades v. 3.11.1,104797511,220394
3300020525,*Microbiome,Permanent Draft,"Freshwater microbial communities from Lake Mendota and Trout Bog Lake, Wisconsin, USA","Freshwater microbial communities from Lake Mendota, WI - 05MAR2012 deep hole epilimnion (SPAdes)",DOE Joint Genome Institute (JGI),3300020525,9/7/17,spades v. 3.11.1,109556869,217125
3300020526,*Microbiome,Permanent Draft,"Freshwater microbial communities from Lake Mendota and Trout Bog Lake, Wisconsin, USA","Freshwater microbial communities from Lake Mendota, WI - 21JUN2010 deep hole epilimnion (SPAdes)",DOE Joint Genome Institute (JGI),3300020526,9/7/17,spades v. 3.11.1,109595559,226344
3300020527,*Microbiome,Permanent Draft,"Freshwater microbial communities from Lake Mendota and Trout Bog Lake, Wisconsin, USA","Freshwater microbial communities from Lake Mendota, WI - 24AUG2012 deep hole epilimnion (SPAdes)",DOE Joint Genome Institute (JGI),3300020527,9/7/17,spades v. 3.11.1,98789263,219287
3300020528,*Microbiome,Permanent Draft,"Freshwater microbial communities from Lake Mendota and Trout Bog Lake, Wisconsin, USA","Freshwater microbial communities from Lake Mendota, WI - 26OCT2009 deep hole epilimnion (SPAdes)",DOE Joint Genome Institute (JGI),3300020528,9/7/17,spades v. 3.11.1,99697576,225446
3300020529,*Microbiome,Permanent Draft,"Freshwater microbial communities from Lake Mendota and Trout Bog Lake, Wisconsin, USA","Freshwater microbial communities from Lake Mendota, WI - 07SEP2012 deep hole epilimnion (SPAdes)",DOE Joint Genome Institute (JGI),3300020529,9/7/17,spades v. 3.11.1,100725457,228678
3300020530,*Microbiome,Permanent Draft,"Freshwater microbial communities from Lake Mendota and Trout Bog Lake, Wisconsin, USA","Freshwater microbial communities from Lake Mendota, WI - 22OCT2012 deep hole epilimnion (SPAdes)",DOE Joint Genome Institute (JGI),3300020530,9/7/17,spades v. 3.11.1,96528091,233107
3300020531,*Microbiome,Permanent Draft,"Freshwater microbial communities from Lake Mendota and Trout Bog Lake, Wisconsin, USA","Freshwater microbial communities from Lake Mendota, WI - 21SEP2012 deep hole epilimnion (SPAdes)",DOE Joint Genome Institute (JGI),3300020531,9/7/17,spades v. 3.11.1,96730630,227993
3300020532,*Microbiome,Permanent Draft,"Freshwater microbial communities from Lake Mendota and Trout Bog Lake, Wisconsin, USA","Freshwater microbial communities from Lake Mendota, WI - 09NOV2012 deep hole epilimnion (SPAdes)",DOE Joint Genome Institute (JGI),3300020532,9/7/17,spades v. 3.11.1,107063978,233002
3300020533,*Microbiome,Permanent Draft,"Freshwater microbial communities from Lake Mendota and Trout Bog Lake, Wisconsin, USA","Freshwater microbial communities from Lake Mendota, WI - 08JUN2012 deep hole epilimnion (SPAdes)",DOE Joint Genome Institute (JGI),3300020533,9/7/17,spades v. 3.11.1,109760560,243697
3300020534,*Microbiome,Permanent Draft,"Freshwater microbial communities from Lake Mendota and Trout Bog Lake, Wisconsin, USA","Freshwater microbial communities from Lake Mendota, WI - 12JUL2011 deep hole epilimnion (SPAdes)",DOE Joint Genome Institute (JGI),3300020534,9/7/17,spades v. 3.11.1,115035682,232285
3300020535,*Microbiome,Permanent Draft,"Freshwater microbial communities from Lake Mendota and Trout Bog Lake, Wisconsin, USA","Freshwater microbial communities from Lake Mendota, WI - 25JUL2011 deep hole epilimnion (SPAdes)",DOE Joint Genome Institute (JGI),3300020535,9/7/17,spades v. 3.11.1,119624931,250290
3300020536,*Microbiome,Permanent Draft,"Freshwater microbial communities from Lake Mendota and Trout Bog Lake, Wisconsin, USA","Freshwater microbial communities from Lake Mendota, WI - 02JUN2012 deep hole epilimnion (SPAdes)",DOE Joint Genome Institute (JGI),3300020536,9/7/17,spades v. 3.11.1,112318260,251265
3300020537,*Microbiome,Permanent Draft,"Freshwater microbial communities from Lake Mendota and Trout Bog Lake, Wisconsin, USA","Freshwater microbial communities from Lake Mendota, WI - 21SEP2011 deep hole epilimnion (SPAdes)",DOE Joint Genome Institute (JGI),3300020537,9/7/17,spades v. 3.11.1,115923106,239866
3300020538,*Microbiome,Permanent Draft,"Freshwater microbial communities from Lake Mendota and Trout Bog Lake, Wisconsin, USA","Freshwater microbial communities from Lake Mendota, WI - 28JUN2011 deep hole epilimnion (SPAdes)",DOE Joint Genome Institute (JGI),3300020538,9/7/17,spades v. 3.11.1,127120224,247840
3300020539,*Microbiome,Permanent Draft,"Freshwater microbial communities from Lake Mendota and Trout Bog Lake, Wisconsin, USA","Freshwater microbial communities from Lake Mendota, WI - 13SEP2012 deep hole epilimnion (SPAdes)",DOE Joint Genome Institute (JGI),3300020539,9/7/17,spades v. 3.11.1,117262361,251620
3300020540,*Microbiome,Permanent Draft,"Freshwater microbial communities from Lake Mendota and Trout Bog Lake, Wisconsin, USA","Freshwater microbial communities from Lake Mendota, WI - 13JUN2011 deep hole epilimnion (SPAdes)",DOE Joint Genome Institute (JGI),3300020540,9/7/17,spades v. 3.11.1,123381498,254838
3300020541,*Microbiome,Permanent Draft,"Freshwater microbial communities from Lake Mendota and Trout Bog Lake, Wisconsin, USA","Freshwater microbial communities from Lake Mendota, WI - 26AUG2009 deep hole epilimnion (SPAdes)",DOE Joint Genome Institute (JGI),3300020541,9/7/17,spades v. 3.11.1,122811527,257801
3300020542,*Microbiome,Permanent Draft,"Freshwater microbial communities from Lake Mendota and Trout Bog Lake, Wisconsin, USA","Freshwater microbial communities from Lake Mendota, WI - 05NOV2012 deep hole epilimnion (SPAdes)",DOE Joint Genome Institute (JGI),3300020542,9/7/17,spades v. 3.11.1,121299300,262827
3300020543,*Microbiome,Permanent Draft,"Freshwater microbial communities from Lake Mendota and Trout Bog Lake, Wisconsin, USA","Freshwater microbial communities from Lake Mendota, WI - 29JUN2012 deep hole epilimnion (SPAdes)",DOE Joint Genome Institute (JGI),3300020543,9/7/17,spades v. 3.11.1,118166829,258629
3300020544,*Microbiome,Permanent Draft,"Freshwater microbial communities from Lake Mendota and Trout Bog Lake, Wisconsin, USA","Freshwater microbial communities from Lake Mendota, WI - 04SEP2011 deep hole epilimnion (SPAdes)",DOE Joint Genome Institute (JGI),3300020544,9/7/17,spades v. 3.11.1,132457604,265205
3300020546,*Microbiome,Permanent Draft,"Freshwater microbial communities from Lake Mendota and Trout Bog Lake, Wisconsin, USA","Freshwater microbial communities from Lake Mendota, WI - 03OCT2011 deep hole epilimnion (SPAdes)",DOE Joint Genome Institute (JGI),3300020546,9/7/17,spades v. 3.11.1,139744759,269763
3300020547,*Microbiome,Permanent Draft,"Freshwater microbial communities from Lake Mendota and Trout Bog Lake, Wisconsin, USA","Freshwater microbial communities from Lake Mendota, WI - 05AUG2010 deep hole epilimnion (SPAdes)",DOE Joint Genome Institute (JGI),3300020547,9/7/17,spades v. 3.11.1,117303367,258807
3300020548,*Microbiome,Permanent Draft,"Freshwater microbial communities from Lake Mendota and Trout Bog Lake, Wisconsin, USA","Freshwater microbial communities from Lake Mendota, WI - 13JUL2012 deep hole epilimnion (SPAdes)",DOE Joint Genome Institute (JGI),3300020548,9/7/17,spades v. 3.11.1,130778991,277164
3300020549,*Microbiome,Permanent Draft,"Freshwater microbial communities from Lake Mendota and Trout Bog Lake, Wisconsin, USA","Freshwater microbial communities from Lake Mendota, WI - 12OCT2012 deep hole epilimnion (SPAdes)",DOE Joint Genome Institute (JGI),3300020549,9/7/17,spades v. 3.11.1,110789039,275293
3300020550,*Microbiome,Permanent Draft,"Freshwater microbial communities from Lake Mendota and Trout Bog Lake, Wisconsin, USA","Freshwater microbial communities from Lake Mendota, WI - 08OCT2012 deep hole epilimnion (SPAdes)",DOE Joint Genome Institute (JGI),3300020550,9/7/17,spades v. 3.11.1,115481112,267238
3300020551,*Microbiome,Permanent Draft,"Freshwater microbial communities from Lake Mendota and Trout Bog Lake, Wisconsin, USA","Freshwater microbial communities from Lake Mendota, WI - 27JUL2010 deep hole epilimnion ns (SPAdes)",DOE Joint Genome Institute (JGI),3300020551,9/7/17,spades v. 3.11.1,116950212,279058
3300020552,*Microbiome,Permanent Draft,"Freshwater microbial communities from Lake Mendota and Trout Bog Lake, Wisconsin, USA","Freshwater microbial communities from Lake Mendota, WI - 06JUL2012 deep hole epilimnion (SPAdes)",DOE Joint Genome Institute (JGI),3300020552,9/7/17,spades v. 3.11.1,136235097,279738
3300020553,*Microbiome,Permanent Draft,"Freshwater microbial communities from Lake Mendota and Trout Bog Lake, Wisconsin, USA","Freshwater microbial communities from Lake Mendota, WI - 17MAY2012 deep hole epilimnion (SPAdes)",DOE Joint Genome Institute (JGI),3300020553,9/7/17,spades v. 3.11.1,121830199,280926
3300020554,*Microbiome,Permanent Draft,"Freshwater microbial communities from Lake Mendota and Trout Bog Lake, Wisconsin, USA","Freshwater microbial communities from Lake Mendota, WI - 17AUG2012 deep hole epilimnion (SPAdes)",DOE Joint Genome Institute (JGI),3300020554,9/7/17,spades v. 3.11.1,125571601,284300
3300020555,*Microbiome,Permanent Draft,"Freshwater microbial communities from Lake Mendota and Trout Bog Lake, Wisconsin, USA","Freshwater microbial communities from Lake Mendota, WI - 10AUG2009 deep hole epilimnion (SPAdes)",DOE Joint Genome Institute (JGI),3300020555,9/8/17,spades v. 3.11.1,154301292,321401
3300020556,*Microbiome,Permanent Draft,"Freshwater microbial communities from Lake Mendota and Trout Bog Lake, Wisconsin, USA","Freshwater microbial communities from Lake Mendota, WI - 03AUG2012 deep hole epilimnion (SPAdes)",DOE Joint Genome Institute (JGI),3300020556,9/8/17,spades v. 3.11.1,127995652,298808
3300020557,*Microbiome,Permanent Draft,"Freshwater microbial communities from Lake Mendota and Trout Bog Lake, Wisconsin, USA","Freshwater microbial communities from Lake Mendota, WI - 15JUN2012 deep hole epilimnion (SPAdes)",DOE Joint Genome Institute (JGI),3300020557,9/8/17,spades v. 3.11.1,142440639,301590
3300020558,*Microbiome,Permanent Draft,"Freshwater microbial communities from Lake Mendota and Trout Bog Lake, Wisconsin, USA","Freshwater microbial communities from Lake Mendota, WI - 13OCT2010 deep hole epilimnion (SPAdes)",DOE Joint Genome Institute (JGI),3300020558,9/8/17,spades v. 3.11.1,157166718,332322
3300020559,*Microbiome,Permanent Draft,"Freshwater microbial communities from Lake Mendota and Trout Bog Lake, Wisconsin, USA","Freshwater microbial communities from Lake Mendota, WI - 07JUL2009 deep hole epilimnion (SPAdes)",DOE Joint Genome Institute (JGI),3300020559,9/8/17,spades v. 3.11.1,160969116,327752
3300020560,*Microbiome,Permanent Draft,"Freshwater microbial communities from Lake Mendota and Trout Bog Lake, Wisconsin, USA","Freshwater microbial communities from Lake Mendota, WI - 18JUN2009 deep hole epilimnion ns (SPAdes)",DOE Joint Genome Institute (JGI),3300020560,9/8/17,spades v. 3.11.1,163842512,354347
3300020561,*Microbiome,Permanent Draft,"Freshwater microbial communities from Lake Mendota and Trout Bog Lake, Wisconsin, USA","Freshwater microbial communities from Lake Mendota, WI - 22APR2009 deep hole epilimnion (SPAdes)",DOE Joint Genome Institute (JGI),3300020561,9/8/17,spades v. 3.11.1,155496197,348493
3300020562,*Microbiome,Permanent Draft,"Freshwater microbial communities from Lake Mendota and Trout Bog Lake, Wisconsin, USA","Freshwater microbial communities from Lake Mendota, WI - 05MAY2012 deep hole epilimnion (SPAdes)",DOE Joint Genome Institute (JGI),3300020562,9/8/17,spades v. 3.11.1,193789167,396450
3300020563,*Microbiome,Permanent Draft,"Freshwater microbial communities from Lake Mendota and Trout Bog Lake, Wisconsin, USA","Freshwater microbial communities from Lake Mendota, WI - 09JUN2009 deep hole epilimnion ns (SPAdes)",DOE Joint Genome Institute (JGI),3300020563,9/8/17,spades v. 3.11.1,171865491,361975
3300020564,*Microbiome,Permanent Draft,"Freshwater microbial communities from Lake Mendota and Trout Bog Lake, Wisconsin, USA","Freshwater microbial communities from Lake Mendota, WI - 30JUL2009 deep hole epilimnion (SPAdes)",DOE Joint Genome Institute (JGI),3300020564,9/8/17,spades v. 3.11.1,196178309,430739
3300020565,*Microbiome,Permanent Draft,"Freshwater microbial communities from Lake Mendota and Trout Bog Lake, Wisconsin, USA","Freshwater microbial communities from Lake Mendota, WI - 29APR2009 deep hole epilimnion ns (SPAdes)",DOE Joint Genome Institute (JGI),3300020565,9/8/17,spades v. 3.11.1,173597482,369695
3300020566,*Microbiome,Permanent Draft,"Freshwater microbial communities from Lake Mendota and Trout Bog Lake, Wisconsin, USA","Freshwater microbial communities from Lake Mendota, WI - 13SEP2009 deep hole epilimnion (SPAdes)",DOE Joint Genome Institute (JGI),3300020566,9/8/17,spades v. 3.11.1,185410187,405470
3300020568,*Microbiome,Permanent Draft,"Freshwater microbial communities from Lake Mendota and Trout Bog Lake, Wisconsin, USA","Freshwater microbial communities from Lake Mendota, WI - 22JUN2012 deep hole epilimnion (SPAdes)",DOE Joint Genome Institute (JGI),3300020568,9/8/17,spades v. 3.11.1,126462038,278820
3300020569,*Microbiome,Permanent Draft,"Freshwater microbial communities from Lake Mendota and Trout Bog Lake, Wisconsin, USA","Freshwater microbial communities from Lake Mendota, WI - 22AUG2011 deep hole epilimnion (SPAdes)",DOE Joint Genome Institute (JGI),3300020569,9/8/17,spades v. 3.11.1,130254927,280464
3300020570,*Microbiome,Permanent Draft,"Freshwater microbial communities from Lake Mendota and Trout Bog Lake, Wisconsin, USA","Freshwater microbial communities from Lake Mendota, WI - 31AUG2010 deep hole epilimnion (SPAdes)",DOE Joint Genome Institute (JGI),3300020570,9/8/17,spades v. 3.11.1,118920165,283329
3300020571,*Microbiome,Permanent Draft,"Freshwater microbial communities from Lake Mendota and Trout Bog Lake, Wisconsin, USA","Freshwater microbial communities from Lake Mendota, WI - 31AUG2012 deep hole epilimnion (SPAdes)",DOE Joint Genome Institute (JGI),3300020571,9/8/17,spades v. 3.11.1,132104360,300530
3300020572,*Microbiome,Permanent Draft,"Freshwater microbial communities from Lake Mendota and Trout Bog Lake, Wisconsin, USA","Freshwater microbial communities from Lake Mendota, WI - 05MAY2010 deep hole epilimnion (SPAdes)",DOE Joint Genome Institute (JGI),3300020572,9/8/17,spades v. 3.11.1,149475202,322738
3300020573,*Microbiome,Permanent Draft,"Freshwater microbial communities from Lake Mendota and Trout Bog Lake, Wisconsin, USA","Freshwater microbial communities from Lake Mendota, WI - 17JUL2012 deep hole epilimnion (SPAdes)",DOE Joint Genome Institute (JGI),3300020573,9/8/17,spades v. 3.11.1,165546311,333974
3300020574,*Microbiome,Permanent Draft,"Freshwater microbial communities from Lake Mendota and Trout Bog Lake, Wisconsin, USA","Freshwater microbial communities from Lake Mendota, WI - 26JUN2009 deep hole epilimnion (SPAdes)",DOE Joint Genome Institute (JGI),3300020574,9/8/17,spades v. 3.11.1,165115221,356771
3300020575,*Microbiome,Permanent Draft,"Freshwater microbial communities from Lake Mendota and Trout Bog Lake, Wisconsin, USA","Freshwater microbial communities from Lake Mendota, WI - 20MAY2010 deep hole epilimnion (SPAdes)",DOE Joint Genome Institute (JGI),3300020575,9/8/17,spades v. 3.11.1,201144617,398980