bin	classification	completeness	contamination	size_bp	contigs	percent_gc
3300020677-bin.1	d__Bacteria;p__Actinobacteriota;c__Actinobacteria;o__Nanopelagicales;f__Nanopelagicaceae;g__PALSA-747;s__	83.58	1.68	1092766	119	46.4
3300020677-bin.2	d__Bacteria;p__Actinobacteriota;c__Acidimicrobiia;o__Acidimicrobiales;f__RAAP-2;g__RAAP-2;s__	89.74	0.43	1335328	103	54.5
3300020677-bin.3	d__Bacteria;p__Actinobacteriota;c__Acidimicrobiia;o__Acidimicrobiales;f__RAAP-2;g__RAAP-2;s__	88.46	2.14	1284783	122	50.6
3300020686-bin.1	d__Bacteria;p__Bacteroidota;c__Chlorobia;o__Chlorobiales;f__Chlorobiaceae;g__Chlorobium;s__	98.08	2.2	2883118	141	45.8
3300020686-bin.4	d__Bacteria;p__Proteobacteria;c__Gammaproteobacteria;o__Burkholderiales;f__Burkholderiaceae;g__Polynucleobacter;s__	82.07	0.86	1785403	171	46.5
3300020689-bin.1	d__Bacteria;p__Acidobacteriota;c__Holophagae;o__Holophagales;f__Holophagaceae;g__Geothrix;s__	97.81	0.88	3109593	102	67.4
3300020689-bin.2	d__Bacteria;p__Actinobacteriota;c__Acidimicrobiia;o__Acidimicrobiales;f__RAAP-2;g__RAAP-2;s__	76.92	0.52	1160072	153	54.7
3300020689-bin.3	d__Bacteria;p__Bacteroidota;c__Chlorobia;o__Chlorobiales;f__Chlorobiaceae;g__Chlorobium;s__	95.24	2.33	2543541	357	45.7
3300020689-bin.4	d__Bacteria;p__Proteobacteria;c__Gammaproteobacteria;o__Burkholderiales;f__Burkholderiaceae;g__Polynucleobacter;s__	97.07	2.68	1895745	196	46.4
3300020694-bin.1	d__Bacteria;p__Proteobacteria;c__Gammaproteobacteria;o__Burkholderiales;f__Burkholderiaceae;g__Polynucleobacter;s__	79.31	1.72	1778495	172	46.5
3300020694-bin.2	d__Bacteria;p__Acidobacteriota;c__Holophagae;o__Holophagales;f__Holophagaceae;g__Geothrix;s__	98.25	0.88	3186350	116	67.2
3300020694-bin.3	d__Bacteria;p__Actinobacteriota;c__Acidimicrobiia;o__Acidimicrobiales;f__RAAP-2;g__RAAP-2;s__	89.32	2.14	1303339	108	50.5
3300020694-bin.4	d__Bacteria;p__Proteobacteria;c__Gammaproteobacteria;o__Burkholderiales;f__Ferrovaceae;g__;s__	91.63	1.04	1528199	104	52.7
3300020694-bin.5	d__Bacteria;p__Bacteroidota;c__Chlorobia;o__Chlorobiales;f__Chlorobiaceae;g__Chlorobium;s__	98.35	1.1	2858145	77	45.9
3300020694-bin.7	d__Bacteria;p__Proteobacteria;c__Gammaproteobacteria;o__Burkholderiales;f__Burkholderiaceae;g__Polynucleobacter;s__Polynucleobacter	95.21	1.09	1832188	78	45.7
3300020695-bin.1	d__Bacteria;p__Proteobacteria;c__Gammaproteobacteria;o__Burkholderiales;f__Ferrovaceae;g__;s__	84.83	0.67	1415691	152	52.6
3300020695-bin.4	d__Bacteria;p__Verrucomicrobiota;c__Verrucomicrobiae;o__Pedosphaerales;f__Pedosphaeraceae;g__UBA11358;s__	97.64	1.73	3033878	164	54.5
3300020695-bin.5	d__Bacteria;p__Proteobacteria;c__Gammaproteobacteria;o__Burkholderiales;f__Burkholderiaceae;g__Polynucleobacter;s__Polynucleobacter	84.72	1.72	1709003	147	45.5
3300020695-bin.6	d__Bacteria;p__Bacteroidota;c__Chlorobia;o__Chlorobiales;f__Chlorobiaceae;g__Chlorobium;s__	99.45	1.1	2977304	46	45.8
3300020695-bin.8	d__Bacteria;p__Acidobacteriota;c__Holophagae;o__Holophagales;f__Holophagaceae;g__Geothrix;s__	87.57	2.63	2714977	408	67.1
3300020696-bin.12	d__Bacteria;p__Proteobacteria;c__Gammaproteobacteria;o__Burkholderiales;f__Methylophilaceae;g__Methylopumilus_A;s__	92.26	1.89	1545639	176	42.1
3300020696-bin.3	d__Bacteria;p__Proteobacteria;c__Gammaproteobacteria;o__Burkholderiales;f__Methylophilaceae;g__Methylotenera;s__	97.82	0.56	1739124	107	42.4
3300020696-bin.4	d__Bacteria;p__Proteobacteria;c__Gammaproteobacteria;o__Methylococcales;f__Methylomonadaceae;g__KS41;s__	94.31	1.6	3183740	309	39.8
3300020696-bin.6	d__Bacteria;p__Proteobacteria;c__Gammaproteobacteria;o__Burkholderiales;f__Ferrovaceae;g__;s__	88.57	5.18	1556605	156	52.5
3300020705-bin.1	d__Bacteria;p__Actinobacteriota;c__Acidimicrobiia;o__Acidimicrobiales;f__RAAP-2;g__RAAP-2;s__	76.5	2.56	1103080	126	50.6
3300020705-bin.10	d__Bacteria;p__Proteobacteria;c__Gammaproteobacteria;o__Burkholderiales;f__Burkholderiaceae;g__Polynucleobacter;s__	79.14	2.59	1892695	224	46.3
3300020705-bin.3	d__Bacteria;p__Acidobacteriota;c__Holophagae;o__Holophagales;f__Holophagaceae;g__Geothrix;s__	98.73	0.88	3145431	107	67.3
3300020705-bin.4	d__Bacteria;p__Actinobacteriota;c__Actinobacteria;o__Nanopelagicales;f__Nanopelagicaceae;g__PALSA-747;s__	85.96	2.94	1123626	113	46.4
3300020705-bin.5	d__Bacteria;p__Proteobacteria;c__Gammaproteobacteria;o__Burkholderiales;f__Ferrovaceae;g__;s__	93.96	2.08	1534520	126	52.7
3300020705-bin.6	d__Bacteria;p__Bacteroidota;c__Chlorobia;o__Chlorobiales;f__Chlorobiaceae;g__Chlorobium;s__	93.85	1.1	2394071	333	46
3300020705-bin.8	d__Bacteria;p__Proteobacteria;c__Alphaproteobacteria;o__Rickettsiales;f__Rickettsiaceae;g__;s__	93.52	11.85	1585920	200	33.5
3300020710-bin.1	d__Bacteria;p__Proteobacteria;c__Gammaproteobacteria;o__Burkholderiales;f__Ferrovaceae;g__;s__	82.92	2.14	1320916	172	52.6
3300020710-bin.11	d__Bacteria;p__Proteobacteria;c__Gammaproteobacteria;o__Burkholderiales;f__Burkholderiaceae;g__Polynucleobacter;s__Polynucleobacter	78.85	0.29	1507719	209	45.6
3300020710-bin.5	d__Bacteria;p__Acidobacteriota;c__Holophagae;o__Holophagales;f__Holophagaceae;g__Geothrix;s__	92.76	1.17	2991123	321	67.2
3300020710-bin.7	d__Bacteria;p__Bacteroidota;c__Chlorobia;o__Chlorobiales;f__Chlorobiaceae;g__Chlorobium;s__	99.45	1.1	2997380	52	45.9
3300020714-bin.11	d__Bacteria;p__Proteobacteria;c__Gammaproteobacteria;o__Methylococcales;f__Methylomonadaceae;g__KS41;s__	96.05	1.57	3236588	254	39.8
3300020714-bin.12	d__Bacteria;p__Proteobacteria;c__Gammaproteobacteria;o__Methylococcales;f__Methylomonadaceae;g__KS41;s__	99.08	0	2478854	92	39.8
3300020714-bin.13	d__Bacteria;p__Proteobacteria;c__Gammaproteobacteria;o__Burkholderiales;f__Methylophilaceae;g__Methylopumilus_A;s__	99.57	1.19	1686096	26	42.2
3300020714-bin.15	d__Bacteria;p__Proteobacteria;c__Gammaproteobacteria;o__Burkholderiales;f__Burkholderiaceae;g__Polynucleobacter;s__	95.12	5.75	2417350	167	44.2
3300020714-bin.16	d__Bacteria;p__Proteobacteria;c__Gammaproteobacteria;o__Burkholderiales;f__Burkholderiaceae;g__Polynucleobacter;s__	86.25	0.78	1745598	133	46.5
3300020714-bin.2	d__Bacteria;p__Proteobacteria;c__Gammaproteobacteria;o__Burkholderiales;f__Methylophilaceae;g__Methylotenera;s__	98.29	3.63	1781523	62	42.4
3300020714-bin.20	d__Bacteria;p__Proteobacteria;c__Alphaproteobacteria;o__Acetobacterales;f__Acetobacteraceae;g__UBA6159;s__	91.5	2.29	5418850	628	64.7
3300020714-bin.21	d__Bacteria;p__Proteobacteria;c__Gammaproteobacteria;o__Burkholderiales;f__Methylophilaceae;g__Methylotenera;s__	77.58	1.04	1431912	189	43.5
3300020714-bin.3	d__Bacteria;p__Proteobacteria;c__Gammaproteobacteria;o__Burkholderiales;f__Burkholderiaceae;g__Polynucleobacter;s__	76.56	2.1	1591485	219	45.1
3300020714-bin.6	d__Bacteria;p__Proteobacteria;c__Gammaproteobacteria;o__Burkholderiales;f__Burkholderiaceae;g__Polynucleobacter;s__Polynucleobacter	89.46	1.24	1728126	92	45.7
3300020714-bin.9	d__Bacteria;p__Proteobacteria;c__Gammaproteobacteria;o__Burkholderiales;f__Ferrovaceae;g__;s__	91.2	5.7	1621860	149	52.5
3300020716-bin.1	d__Bacteria;p__Actinobacteriota;c__Actinobacteria;o__Nanopelagicales;f__Nanopelagicaceae;g__AAA044-D11;s__	81.64	1.79	1243935	137	53.3
3300020716-bin.11	d__Bacteria;p__Actinobacteriota;c__Actinobacteria;o__Nanopelagicales;f__Nanopelagicaceae;g__PALSA-747;s__	87.06	1.84	1262147	135	49.6
3300020716-bin.12	d__Bacteria;p__Actinobacteriota;c__Acidimicrobiia;o__Acidimicrobiales;f__RAAP-2;g__RAAP-2;s__	88.89	1.28	1335501	94	54.5
3300020716-bin.4	d__Bacteria;p__Proteobacteria;c__Gammaproteobacteria;o__Burkholderiales;f__Burkholderiaceae;g__Polynucleobacter;s__	77.93	0.86	1972617	118	44.6
3300020716-bin.7	d__Bacteria;p__Actinobacteriota;c__Actinobacteria;o__Nanopelagicales;f__Nanopelagicaceae;g__PALSA-747;s__	85.97	1.34	1132136	108	46.5
3300020716-bin.8	d__Bacteria;p__Actinobacteriota;c__Acidimicrobiia;o__Acidimicrobiales;f__RAAP-2;g__RAAP-2;s__	89.74	2.14	1260692	93	50.6
3300020718-bin.17	d__Bacteria;p__Proteobacteria;c__Gammaproteobacteria;o__Burkholderiales;f__Ferrovaceae;g__;s__	92.58	1.92	1561870	133	52.5
3300020718-bin.21	d__Bacteria;p__Actinobacteriota;c__Actinobacteria;o__Nanopelagicales;f__Nanopelagicaceae;g__PALSA-747;s__	83.75	1.97	1126756	102	46.4
3300020718-bin.5	d__Bacteria;p__Bacteroidota;c__Chlorobia;o__Chlorobiales;f__Chlorobiaceae;g__Chlorobium;s__	93.86	1.28	2680818	271	45.7
3300020725-bin.20	d__Bacteria;p__Proteobacteria;c__Gammaproteobacteria;o__Burkholderiales;f__Ferrovaceae;g__;s__	88.47	2.77	1492591	169	52.5
3300020725-bin.23	d__Bacteria;p__Proteobacteria;c__Gammaproteobacteria;o__Burkholderiales;f__Burkholderiaceae;g__Polynucleobacter;s__	79.78	1.14	1579273	243	45.1
3300020725-bin.25	d__Bacteria;p__Proteobacteria;c__Gammaproteobacteria;o__Burkholderiales;f__Burkholderiaceae;g__Polynucleobacter;s__Polynucleobacter	89.12	2.79	1795602	128	45.6
3300020725-bin.27	d__Bacteria;p__Proteobacteria;c__Gammaproteobacteria;o__Methylococcales;f__Methylomonadaceae;g__KS41;s__	89.23	3.24	3062074	422	39.7
3300020728-bin.1	d__Bacteria;p__Verrucomicrobiota;c__Verrucomicrobiae;o__Opitutales;f__Opitutaceae;g__;s__	93.88	2.87	2317460	218	41.8
3300020728-bin.10	d__Bacteria;p__Actinobacteriota;c__Actinobacteria;o__Nanopelagicales;f__Nanopelagicaceae;g__PALSA-747;s__	78.41	0.27	1021527	136	46.5
3300020728-bin.13	d__Bacteria;p__Proteobacteria;c__Alphaproteobacteria;o__Rhizobiales;f__Beijerinckiaceae;g__Alsobacter;s__	95.83	0.32	2815047	99	53.6
3300020728-bin.23	d__Bacteria;p__Actinobacteriota;c__Actinobacteria;o__Nanopelagicales;f__Nanopelagicaceae;g__AAA044-D11;s__	85.7	1.62	1302058	72	46
3300020728-bin.29	d__Bacteria;p__Proteobacteria;c__Gammaproteobacteria;o__Burkholderiales;f__Burkholderiaceae;g__Polynucleobacter;s__	79.66	0	2250463	33	44.2
3300020728-bin.30	d__Bacteria;p__Proteobacteria;c__Alphaproteobacteria;o__Rickettsiales;f__Rickettsiaceae;g__GCA-2402195;s__	94.63	3.79	1619009	140	35
3300020728-bin.6	d__Bacteria;p__Actinobacteriota;c__Actinobacteria;o__Nanopelagicales;f__Nanopelagicaceae;g__PALSA-747;s__	78.97	0.6	1340626	141	47.3
3300020728-bin.9	d__Bacteria;p__Actinobacteriota;c__Actinobacteria;o__Nanopelagicales;f__Nanopelagicaceae;g__PALSA-747;s__	81.66	1.58	1265555	139	50.3
3300020731-bin.15	d__Bacteria;p__Actinobacteriota;c__Acidimicrobiia;o__Acidimicrobiales;f__RAAP-2;g__RAAP-2;s__	84	0.85	1146437	107	54.7
3300020731-bin.20	d__Bacteria;p__Proteobacteria;c__Gammaproteobacteria;o__Burkholderiales;f__Methylophilaceae;g__Methylopumilus;s__	87.29	0.56	1074923	132	36.7
3300020731-bin.21	d__Bacteria;p__Actinobacteriota;c__Actinobacteria;o__Nanopelagicales;f__Nanopelagicaceae;g__PALSA-747;s__	84.22	1.32	1166174	107	49.9
3300020731-bin.22	d__Bacteria;p__Verrucomicrobiota;c__Verrucomicrobiae;o__Opitutales;f__UBA953;g__;s__	97.3	0.68	2151615	69	54.5
3300020731-bin.30	d__Bacteria;p__Proteobacteria;c__Gammaproteobacteria;o__Burkholderiales;f__Burkholderiaceae;g__Polynucleobacter;s__	94.2	1.28	2627472	101	38
3300020731-bin.31	d__Bacteria;p__Actinobacteriota;c__Actinobacteria;o__Nanopelagicales;f__Nanopelagicaceae;g__AAA044-D11;s__	75.43	1.72	1252370	129	53.3
3300020731-bin.33	d__Bacteria;p__Actinobacteriota;c__Actinobacteria;o__Nanopelagicales;f__Nanopelagicaceae;g__PALSA-747;s__	85	1.94	1269659	113	51.3
3300020732-bin.10	d__Bacteria;p__Verrucomicrobiota;c__Verrucomicrobiae;o__Opitutales;f__Opitutaceae;g__;s__	76.99	0.71	1924330	282	41.8
3300020732-bin.11	d__Bacteria;p__Actinobacteriota;c__Actinobacteria;o__Nanopelagicales;f__Nanopelagicaceae;g__PALSA-747;s__	85.66	2.28	1241092	119	51.4
3300020732-bin.18	d__Bacteria;p__Proteobacteria;c__Alphaproteobacteria;o__Rickettsiales;f__Rickettsiaceae;g__GCA-2402195;s__	98.58	4.74	1652670	119	35.1
3300020732-bin.21	d__Bacteria;p__Actinobacteriota;c__Actinobacteria;o__Nanopelagicales;f__Nanopelagicaceae;g__PALSA-747;s__	81.46	5.43	1159342	147	49.8
3300020732-bin.30	d__Bacteria;p__Actinobacteriota;c__Actinobacteria;o__Nanopelagicales;f__Nanopelagicaceae;g__PALSA-747;s__	80.89	1.69	1059113	136	46.5
3300020732-bin.31	d__Bacteria;p__Proteobacteria;c__Alphaproteobacteria;o__Rickettsiales;f__Rickettsiaceae;g__;s__	75.75	8.29	1120452	210	33.5
3300020732-bin.8	d__Bacteria;p__Actinobacteriota;c__Actinobacteria;o__Nanopelagicales;f__Nanopelagicaceae;g__PALSA-747;s__	89.02	1.98	1404421	139	47.4
3300020733-bin.12	d__Bacteria;p__Bacteroidota;c__Chlorobia;o__Chlorobiales;f__Chlorobiaceae;g__Chlorobium;s__	99.45	1.37	2743683	102	46
3300020733-bin.15	d__Bacteria;p__Proteobacteria;c__Gammaproteobacteria;o__Burkholderiales;f__Methylophilaceae;g__Methylopumilus;s__	90.06	1.24	1160678	101	36.7
3300020733-bin.17	d__Bacteria;p__Verrucomicrobiota;c__Verrucomicrobiae;o__Pedosphaerales;f__Pedosphaeraceae;g__UBA11358;s__	97.3	2.15	4588535	126	57.5
3300020733-bin.25	d__Bacteria;p__Verrucomicrobiota;c__Verrucomicrobiae;o__Opitutales;f__UBA953;g__;s__	97.97	0.34	2197401	68	54.5
3300020733-bin.29	d__Bacteria;p__Verrucomicrobiota;c__Verrucomicrobiae;o__Opitutales;f__Opitutaceae;g__;s__	92.84	1.35	2302257	199	41.8
3300020733-bin.7	d__Bacteria;p__Actinobacteriota;c__Acidimicrobiia;o__Acidimicrobiales;f__RAAP-2;g__RAAP-2;s__	81.77	0.43	1139684	129	54.7
3300021111-bin.1	d__Bacteria;p__Proteobacteria;c__Gammaproteobacteria;o__Burkholderiales;f__Burkholderiaceae;g__Polynucleobacter;s__	81.03	2.59	1900256	135	46.4
3300021114-bin.1	d__Bacteria;p__Acidobacteriota;c__Holophagae;o__Holophagales;f__Holophagaceae;g__Geothrix;s__	95.32	0.88	3097100	148	67.2
3300021114-bin.2	d__Bacteria;p__Bacteroidota;c__Chlorobia;o__Chlorobiales;f__Chlorobiaceae;g__Chlorobium;s__	99.45	1.1	2902800	68	45.8
3300021118-bin.2	d__Bacteria;p__Actinobacteriota;c__Acidimicrobiia;o__Acidimicrobiales;f__RAAP-2;g__RAAP-2;s__	92.74	2.56	1303808	116	50.6
3300021118-bin.5	d__Bacteria;p__Actinobacteriota;c__Acidimicrobiia;o__Acidimicrobiales;f__RAAP-2;g__RAAP-2;s__	87.18	0.51	1278264	117	54.6
3300021118-bin.7	d__Bacteria;p__Actinobacteriota;c__Actinobacteria;o__Nanopelagicales;f__Nanopelagicaceae;g__PALSA-747;s__	87.14	1.23	1256262	140	50.3
3300021119-bin.4	d__Bacteria;p__Actinobacteriota;c__Actinobacteria;o__Nanopelagicales;f__Nanopelagicaceae;g__PALSA-747;s__	76.01	0.53	1133597	161	50.4
3300021119-bin.6	d__Bacteria;p__Actinobacteriota;c__Acidimicrobiia;o__Acidimicrobiales;f__RAAP-2;g__RAAP-2;s__	88.03	1.28	1273266	123	54.6
3300021119-bin.7	d__Bacteria;p__Actinobacteriota;c__Actinobacteria;o__Nanopelagicales;f__Nanopelagicaceae;g__PALSA-747;s__	85.62	2.37	1117412	110	46.5
3300021120-bin.1	d__Bacteria;p__Actinobacteriota;c__Acidimicrobiia;o__Acidimicrobiales;f__RAAP-2;g__RAAP-2;s__	85.9	2.56	1244427	136	54.6
3300021120-bin.10	d__Bacteria;p__Actinobacteriota;c__Actinobacteria;o__Nanopelagicales;f__Nanopelagicaceae;g__PALSA-747;s__	84.16	1.86	1105328	92	46.5
3300021120-bin.11	d__Bacteria;p__Verrucomicrobiota;c__Verrucomicrobiae;o__Verrucomicrobiales;f__Verrucomicrobiaceae;g__Prosthecobacter;s__	83.12	0.34	4690607	735	59.2
3300021120-bin.12	d__Bacteria;p__Proteobacteria;c__Gammaproteobacteria;o__Burkholderiales;f__Burkholderiaceae;g__Polynucleobacter;s__Polynucleobacter	75.57	1.53	1443472	266	45.6
3300021120-bin.14	d__Bacteria;p__Actinobacteriota;c__Acidimicrobiia;o__Acidimicrobiales;f__RAAP-2;g__RAAP-2;s__	85.9	2.14	1208931	143	50.6
3300021120-bin.3	d__Bacteria;p__Proteobacteria;c__Gammaproteobacteria;o__Burkholderiales;f__Burkholderiaceae;g__Polynucleobacter;s__	75.86	0.86	1704632	224	46.4
3300021120-bin.4	d__Bacteria;p__Proteobacteria;c__Gammaproteobacteria;o__Methylococcales;f__Methylomonadaceae;g__KS41;s__	85.3	1.82	2687780	452	41.2
3300021120-bin.8	d__Bacteria;p__Bacteroidota;c__Chlorobia;o__Chlorobiales;f__Chlorobiaceae;g__Chlorobium;s__	99.45	1.1	2894242	68	45.8
3300021120-bin.9	d__Bacteria;p__Proteobacteria;c__Gammaproteobacteria;o__Burkholderiales;f__Ferrovaceae;g__;s__	90.66	2.76	1445050	145	52.6
3300021122-bin.1	d__Bacteria;p__Acidobacteriota;c__Holophagae;o__Holophagales;f__Holophagaceae;g__Geothrix;s__	86.16	0.88	2724956	422	67.3
3300021122-bin.2	d__Bacteria;p__Proteobacteria;c__Alphaproteobacteria;o__Rickettsiales;f__Rickettsiaceae;g__GCA-2402195;s__	95.73	4.52	1604798	177	35
3300021122-bin.3	d__Bacteria;p__Proteobacteria;c__Gammaproteobacteria;o__Burkholderiales;f__Ferrovaceae;g__;s__	88.41	0.83	1513280	158	52.4
3300021122-bin.5	d__Bacteria;p__Bacteroidota;c__Chlorobia;o__Chlorobiales;f__Chlorobiaceae;g__Chlorobium;s__	99.45	1.1	2994053	61	45.8
3300021123-bin.10	d__Bacteria;p__Bacteroidota;c__Chlorobia;o__Chlorobiales;f__Chlorobiaceae;g__Chlorobium;s__	99.45	1.1	2936922	53	45.8
3300021123-bin.11	d__Bacteria;p__Proteobacteria;c__Gammaproteobacteria;o__Burkholderiales;f__Burkholderiaceae;g__Polynucleobacter;s__	81.71	2.14	1725081	286	46.3
3300021123-bin.3	d__Bacteria;p__Actinobacteriota;c__Acidimicrobiia;o__Acidimicrobiales;f__RAAP-2;g__RAAP-2;s__	92.31	1.28	1332005	81	54.6
3300021123-bin.4	d__Bacteria;p__Actinobacteriota;c__Actinobacteria;o__Nanopelagicales;f__Nanopelagicaceae;g__PALSA-747;s__	85.6	2.96	1062625	103	46.5
3300021123-bin.5	d__Bacteria;p__Actinobacteriota;c__Acidimicrobiia;o__Acidimicrobiales;f__RAAP-2;g__RAAP-2;s__	87.18	3.85	1293835	113	50.6
3300021123-bin.7	d__Bacteria;p__Acidobacteriota;c__Holophagae;o__Holophagales;f__Holophagaceae;g__Geothrix;s__	96.64	0.88	3152888	101	67
3300021124-bin.1	d__Bacteria;p__Proteobacteria;c__Gammaproteobacteria;o__Burkholderiales;f__Burkholderiaceae;g__Polynucleobacter;s__	93.19	4.43	1819722	222	46.4
3300021124-bin.4	d__Bacteria;p__Proteobacteria;c__Gammaproteobacteria;o__Methylococcales;f__Methylomonadaceae;g__KS41;s__	96.77	1.63	2909648	325	39.7
3300021124-bin.8	d__Bacteria;p__Proteobacteria;c__Alphaproteobacteria;o__Rickettsiales;f__Rickettsiaceae;g__;s__	95.5	5.61	1319970	171	33.6
3300021124-bin.9	d__Bacteria;p__Proteobacteria;c__Gammaproteobacteria;o__Burkholderiales;f__Ferrovaceae;g__;s__	82.93	1.37	1277844	197	52.5
3300021125-bin.10	d__Bacteria;p__Acidobacteriota;c__Holophagae;o__Holophagales;f__Holophagaceae;g__Geothrix;s__	98.15	0.88	3166743	103	67.3
3300021125-bin.2	d__Bacteria;p__Actinobacteriota;c__Acidimicrobiia;o__Acidimicrobiales;f__RAAP-2;g__RAAP-2;s__	92.31	1.28	1336910	107	54.6
3300021125-bin.4	d__Bacteria;p__Actinobacteriota;c__Acidimicrobiia;o__Acidimicrobiales;f__RAAP-2;g__RAAP-2;s__	92.31	1.85	1335892	111	50.5
3300021125-bin.7	d__Bacteria;p__Actinobacteriota;c__Actinobacteria;o__Nanopelagicales;f__Nanopelagicaceae;g__PALSA-747;s__	75.7	2.07	942592	132	46.5
3300021125-bin.8	d__Bacteria;p__Proteobacteria;c__Gammaproteobacteria;o__Burkholderiales;f__Burkholderiaceae;g__Polynucleobacter;s__	76.44	1.19	1609405	264	46.4
3300021125-bin.9	d__Bacteria;p__Bacteroidota;c__Chlorobia;o__Chlorobiales;f__Chlorobiaceae;g__Chlorobium;s__	99.45	1.1	2940527	52	45.8
3300021126-bin.12	d__Bacteria;p__Actinobacteriota;c__Actinobacteria;o__Nanopelagicales;f__Nanopelagicaceae;g__PALSA-747;s__	81.63	1.08	1120741	119	46.5
3300021126-bin.13	d__Bacteria;p__Actinobacteriota;c__Actinobacteria;o__Nanopelagicales;f__Nanopelagicaceae;g__PALSA-747;s__	79.49	0.89	1376183	138	50.1
3300021126-bin.16	d__Bacteria;p__Proteobacteria;c__Gammaproteobacteria;o__Burkholderiales;f__Burkholderiaceae;g__Polynucleobacter;s__Polynucleobacter	76.61	1.22	1503371	246	45.7
3300021126-bin.17	d__Bacteria;p__Proteobacteria;c__Gammaproteobacteria;o__Methylococcales;f__Methylomonadaceae;g__KS41;s__	94.65	1.04	3107744	322	41.3
3300021126-bin.3	d__Bacteria;p__Proteobacteria;c__Gammaproteobacteria;o__Burkholderiales;f__Ferrovaceae;g__;s__	91.46	0.24	1471139	139	52.6
3300021126-bin.4	d__Bacteria;p__Actinobacteriota;c__Acidimicrobiia;o__Acidimicrobiales;f__RAAP-2;g__RAAP-2;s__	86.32	1.71	1228653	131	54.7
3300021126-bin.7	d__Bacteria;p__Bacteroidota;c__Chlorobia;o__Chlorobiales;f__Chlorobiaceae;g__Chlorobium;s__	99.45	1.1	2935641	51	45.8
3300021126-bin.8	d__Bacteria;p__Actinobacteriota;c__Acidimicrobiia;o__Acidimicrobiales;f__RAAP-2;g__RAAP-2;s__	83.62	1.28	1214565	148	50.6
3300021127-bin.10	d__Bacteria;p__Actinobacteriota;c__Acidimicrobiia;o__Acidimicrobiales;f__RAAP-2;g__RAAP-2;s__	76.92	2.56	1085463	148	54.7
3300021127-bin.11	d__Bacteria;p__Actinobacteriota;c__Actinobacteria;o__Nanopelagicales;f__Nanopelagicaceae;g__PALSA-747;s__	81.72	0.62	1073802	108	46.5
3300021127-bin.2	d__Bacteria;p__Actinobacteriota;c__Acidimicrobiia;o__Acidimicrobiales;f__RAAP-2;g__RAAP-2;s__	82.48	2.56	1261354	118	50.5
3300021127-bin.9	d__Bacteria;p__Proteobacteria;c__Alphaproteobacteria;o__Rickettsiales;f__Rickettsiaceae;g__GCA-2402195;s__	98.1	3.79	1664315	96	35
3300021128-bin.2	d__Bacteria;p__Proteobacteria;c__Gammaproteobacteria;o__Burkholderiales;f__Ferrovaceae;g__;s__	93.14	1.76	1503582	144	52.6
3300021128-bin.4	d__Bacteria;p__Actinobacteriota;c__Acidimicrobiia;o__Acidimicrobiales;f__RAAP-2;g__RAAP-2;s__	92.31	2.56	1322013	100	50.6
3300021128-bin.8	d__Bacteria;p__Bacteroidota;c__Chlorobia;o__Chlorobiales;f__Chlorobiaceae;g__Chlorobium;s__	99.18	1.1	2827239	115	45.9
3300021128-bin.9	d__Bacteria;p__Proteobacteria;c__Gammaproteobacteria;o__Burkholderiales;f__Burkholderiaceae;g__Polynucleobacter;s__	93.01	1.39	1933153	191	46.4
3300021130-bin.10	d__Bacteria;p__Proteobacteria;c__Alphaproteobacteria;o__Acetobacterales;f__Acetobacteraceae;g__UBA6159;s__	91.65	1.49	5377862	629	64.6
3300021130-bin.11	d__Bacteria;p__Acidobacteriota;c__Holophagae;o__Holophagales;f__Holophagaceae;g__Geothrix;s__	94.3	0.93	2999744	316	67.2
3300021130-bin.12	d__Bacteria;p__Proteobacteria;c__Gammaproteobacteria;o__Burkholderiales;f__Ferrovaceae;g__;s__	85.4	0.59	1398940	164	52.6
3300021130-bin.14	d__Bacteria;p__Actinobacteriota;c__Acidimicrobiia;o__Acidimicrobiales;f__RAAP-2;g__RAAP-2;s__	91.45	1.38	1325530	81	54.6
3300021130-bin.16	d__Bacteria;p__Proteobacteria;c__Gammaproteobacteria;o__Methylococcales;f__Methylomonadaceae;g__KS41;s__	85.56	1.51	2681637	417	39.6
3300021130-bin.4	d__Bacteria;p__Proteobacteria;c__Gammaproteobacteria;o__Burkholderiales;f__Methylophilaceae;g__Methylotenera;s__	93.36	0.57	1534116	147	42.4
3300021130-bin.5	d__Bacteria;p__Actinobacteriota;c__Acidimicrobiia;o__Acidimicrobiales;f__RAAP-2;g__RAAP-2;s__	98.1	1.28	1330060	47	62.1
3300021130-bin.6	d__Bacteria;p__Actinobacteriota;c__Actinobacteria;o__Nanopelagicales;f__Nanopelagicaceae;g__PALSA-747;s__	88.66	0.26	1283448	43	50
3300021130-bin.7	d__Bacteria;p__Proteobacteria;c__Gammaproteobacteria;o__Burkholderiales;f__Burkholderiaceae;g__Polynucleobacter;s__	89.76	1.08	1795552	181	46.5
3300021130-bin.9	d__Bacteria;p__Bacteroidota;c__Chlorobia;o__Chlorobiales;f__Chlorobiaceae;g__Chlorobium;s__	99.45	1.1	2937263	63	45.8
3300021131-bin.11	d__Bacteria;p__Bacteroidota;c__Bacteroidia;o__Chitinophagales;f__Chitinophagaceae;g__UBA8137;s__	75.37	1.49	1722370	248	34.7
3300021131-bin.14	d__Bacteria;p__Actinobacteriota;c__Acidimicrobiia;o__Acidimicrobiales;f__RAAP-2;g__RAAP-2;s__	80.06	2.14	1141724	151	54.6
3300021131-bin.2	d__Bacteria;p__Verrucomicrobiota;c__Verrucomicrobiae;o__Opitutales;f__UBA953;g__UBA953;s__	87.84	0.68	2151596	306	65.2
3300021131-bin.4	d__Bacteria;p__Actinobacteriota;c__Actinobacteria;o__Nanopelagicales;f__Nanopelagicaceae;g__PALSA-747;s__	79.94	2.01	1066338	130	46.5
3300021131-bin.5	d__Bacteria;p__Proteobacteria;c__Alphaproteobacteria;o__Pelagibacterales;f__Pelagibacteraceae;g__Fonsibacter;s__	87.13	0	928790	121	29
3300021131-bin.6	d__Bacteria;p__Actinobacteriota;c__Actinobacteria;o__Nanopelagicales;f__Nanopelagicaceae;g__PALSA-747;s__	83.75	0.79	1217803	148	51.3
3300021131-bin.8	d__Bacteria;p__Proteobacteria;c__Gammaproteobacteria;o__Burkholderiales;f__Burkholderiaceae;g__Polynucleobacter;s__	79.02	1.89	1265496	177	46.3
3300021132-bin.10	d__Bacteria;p__Proteobacteria;c__Gammaproteobacteria;o__Burkholderiales;f__Burkholderiaceae;g__Polynucleobacter;s__Polynucleobacter	93.2	4.16	1892410	131	45.5
3300021132-bin.12	d__Bacteria;p__Proteobacteria;c__Gammaproteobacteria;o__Burkholderiales;f__Burkholderiaceae;g__Polynucleobacter;s__	83.28	3.01	1748754	229	46.4
3300021132-bin.13	d__Bacteria;p__Patescibacteria;c__Saccharimonadia;o__Saccharimonadales;f__UBA4665;g__;s__	85.74	0	610230	67	34.2
3300021132-bin.14	d__Bacteria;p__Bacteroidota;c__Chlorobia;o__Chlorobiales;f__Chlorobiaceae;g__Chlorobium;s__	99.45	1.1	2985725	48	45.8
3300021132-bin.18	d__Bacteria;p__Bacteroidota;c__Chlorobia;o__Chlorobiales;f__Chlorobiaceae;g__Chlorobium;s__	95.47	1.48	2581377	261	45.6
3300021132-bin.5	d__Bacteria;p__Proteobacteria;c__Alphaproteobacteria;o__Rickettsiales;f__Rickettsiaceae;g__GCA-2402195;s__	98.1	5.21	1702451	108	35
3300021132-bin.6	d__Bacteria;p__Proteobacteria;c__Gammaproteobacteria;o__Burkholderiales;f__Ferrovaceae;g__;s__	93.53	5.91	1646035	150	52.5
3300021132-bin.9	d__Bacteria;p__Acidobacteriota;c__Holophagae;o__Holophagales;f__Holophagaceae;g__Geothrix;s__	89.12	0.93	2941501	300	67
3300021133-bin.11	d__Bacteria;p__Bacteroidota;c__Chlorobia;o__Chlorobiales;f__Chlorobiaceae;g__Chlorobium;s__	99.45	1.1	2851595	121	45.9
3300021133-bin.12	d__Bacteria;p__Verrucomicrobiota;c__Verrucomicrobiae;o__Opitutales;f__Opitutaceae;g__;s__	94.55	2.03	2379831	127	41.8
3300021133-bin.17	d__Bacteria;p__Proteobacteria;c__Gammaproteobacteria;o__Burkholderiales;f__Burkholderiaceae;g__Polynucleobacter;s__	82.04	3.33	1662629	265	46.4
3300021133-bin.6	d__Bacteria;p__Verrucomicrobiota;c__Verrucomicrobiae;o__Opitutales;f__UBA953;g__;s__	97.3	1.01	2206907	85	54.5
3300021133-bin.8	d__Bacteria;p__Actinobacteriota;c__Acidimicrobiia;o__Acidimicrobiales;f__RAAP-2;g__;s__	82.72	2.14	1800149	278	64.2
3300021134-bin.1	d__Bacteria;p__Actinobacteriota;c__Actinobacteria;o__Nanopelagicales;f__Nanopelagicaceae;g__PALSA-747;s__	78.59	1.1	1161049	164	51.3
3300021134-bin.10	d__Bacteria;p__Actinobacteriota;c__Acidimicrobiia;o__Acidimicrobiales;f__RAAP-2;g__RAAP-2;s__	79.91	0	1116626	103	54.8
3300021134-bin.11	d__Bacteria;p__Proteobacteria;c__Gammaproteobacteria;o__Burkholderiales;f__Burkholderiaceae;g__Polynucleobacter;s__	93.36	0.72	2620208	135	38
3300021134-bin.12	d__Bacteria;p__Proteobacteria;c__Gammaproteobacteria;o__Burkholderiales;f__Methylophilaceae;g__Methylopumilus;s__	88.11	0.21	1164371	114	36.8
3300021134-bin.21	d__Bacteria;p__Verrucomicrobiota;c__Verrucomicrobiae;o__Verrucomicrobiales;f__Verrucomicrobiaceae;g__Prosthecobacter;s__	82.18	2.39	4603036	742	59.1
3300021134-bin.4	d__Bacteria;p__Verrucomicrobiota;c__Verrucomicrobiae;o__Opitutales;f__UBA953;g__;s__	95.95	1.35	2146905	82	54.5
3300021134-bin.6	d__Bacteria;p__Actinobacteriota;c__Actinobacteria;o__Nanopelagicales;f__Nanopelagicaceae;g__PALSA-747;s__	84.96	0.26	1371603	75	49.3
3300021134-bin.8	d__Bacteria;p__Actinobacteriota;c__Actinobacteria;o__Nanopelagicales;f__Nanopelagicaceae;g__AAA044-D11;s__	75.86	5.17	1278137	132	53.3
3300021138-bin.1	d__Bacteria;p__Actinobacteriota;c__Actinobacteria;o__Nanopelagicales;f__Nanopelagicaceae;g__PALSA-747;s__	85.97	2.69	1422571	168	47.2
3300021138-bin.10	d__Bacteria;p__Bacteroidota;c__Bacteroidia;o__Chitinophagales;f__Chitinophagaceae;g__UBA1930;s__	75.31	0.95	2300280	400	36.8
3300021138-bin.16	d__Bacteria;p__Bacteroidota;c__Bacteroidia;o__Chitinophagales;f__Chitinophagaceae;g__UBA8137;s__	88.72	0.26	1930976	277	34.8
3300021138-bin.21	d__Bacteria;p__Actinobacteriota;c__Actinobacteria;o__Nanopelagicales;f__Nanopelagicaceae;g__PALSA-747;s__	81.88	1.43	1145525	155	49.8
3300021138-bin.24	d__Bacteria;p__Actinobacteriota;c__Actinobacteria;o__Nanopelagicales;f__Nanopelagicaceae;g__AAA044-D11;s__	76.88	2.59	1256383	120	53.2
3300021138-bin.29	d__Bacteria;p__Actinobacteriota;c__Actinobacteria;o__Nanopelagicales;f__Nanopelagicaceae;g__AAA044-D11;s__	86.95	0.54	1316325	47	46
3300021138-bin.3	d__Bacteria;p__Verrucomicrobiota;c__Verrucomicrobiae;o__Pedosphaerales;f__Pedosphaeraceae;g__UBA11358;s__	97.97	3.38	3087574	87	54.4
3300021138-bin.30	d__Bacteria;p__Bacteroidota;c__Bacteroidia;o__Chitinophagales;f__Chitinophagaceae;g__Taibaiella_B;s__	93.6	1.23	5070773	504	42.2
3300021138-bin.37	d__Bacteria;p__Bacteroidota;c__Bacteroidia;o__Chitinophagales;f__Chitinophagaceae;g__UBA1930;s__	81.16	1.01	3425141	578	38.5
3300021138-bin.38	d__Bacteria;p__Actinobacteriota;c__Actinobacteria;o__Nanopelagicales;f__Nanopelagicaceae;g__PALSA-747;s__	85.65	2.88	1329607	105	50.3
3300021138-bin.39	d__Bacteria;p__Proteobacteria;c__Gammaproteobacteria;o__Burkholderiales;f__Burkholderiaceae;g__Polynucleobacter;s__	83.22	2.69	1416651	184	46.8
3300021138-bin.42	d__Bacteria;p__Actinobacteriota;c__Actinobacteria;o__Nanopelagicales;f__Nanopelagicaceae;g__PALSA-747;s__	85.24	1.05	1313059	133	51.3
3300021138-bin.44	d__Bacteria;p__Proteobacteria;c__Gammaproteobacteria;o__Burkholderiales;f__Burkholderiaceae;g__Polynucleobacter;s__	95.78	1.55	2248946	42	44.3
3300021138-bin.56	d__Bacteria;p__Proteobacteria;c__Alphaproteobacteria;o__Rhizobiales;f__Beijerinckiaceae;g__Alsobacter;s__	91.98	0.79	2728432	184	53.5
3300021138-bin.61	d__Bacteria;p__Proteobacteria;c__Gammaproteobacteria;o__Burkholderiales;f__Methylophilaceae;g__Methylopumilus_A;s__	83.55	0.05	1326523	36	44.4
3300021138-bin.65	d__Bacteria;p__Proteobacteria;c__Gammaproteobacteria;o__Burkholderiales;f__Burkholderiaceae;g__Polynucleobacter;s__	87.43	1.89	1957900	248	45
3300021138-bin.70	d__Bacteria;p__Verrucomicrobiota;c__Verrucomicrobiae;o__Opitutales;f__Opitutaceae;g__;s__	88.36	0.68	2216629	185	41.8
3300021139-bin.17	d__Bacteria;p__Verrucomicrobiota;c__Verrucomicrobiae;o__Opitutales;f__UBA953;g__;s__	86.18	1.35	1925698	244	54.3
3300021139-bin.18	d__Bacteria;p__Proteobacteria;c__Gammaproteobacteria;o__Burkholderiales;f__Methylophilaceae;g__Methylopumilus;s__	89.71	1.2	1119953	122	36.8
3300021139-bin.24	d__Bacteria;p__Verrucomicrobiota;c__Verrucomicrobiae;o__Opitutales;f__Opitutaceae;g__;s__	93.2	0.34	2348417	154	41.8
3300021139-bin.28	d__Bacteria;p__Actinobacteriota;c__Actinobacteria;o__Nanopelagicales;f__Nanopelagicaceae;g__PALSA-747;s__	79.36	2.52	1359346	170	50.1
3300021139-bin.30	d__Bacteria;p__Actinobacteriota;c__Acidimicrobiia;o__Acidimicrobiales;f__RAAP-2;g__RAAP-2;s__	89.32	4.27	1267352	139	50.6
3300021139-bin.32	d__Bacteria;p__Proteobacteria;c__Gammaproteobacteria;o__Burkholderiales;f__Ferrovaceae;g__;s__	84.45	2.05	1409765	184	52.4
3300021139-bin.4	d__Bacteria;p__Bacteroidota;c__Chlorobia;o__Chlorobiales;f__Chlorobiaceae;g__Chlorobium;s__	81.76	0.55	1828490	305	45.7
3300021139-bin.46	d__Bacteria;p__Bacteroidota;c__Chlorobia;o__Chlorobiales;f__Chlorobiaceae;g__Chlorobium;s__	99.45	1.1	2940723	54	45.8
3300021139-bin.47	d__Bacteria;p__Acidobacteriota;c__Holophagae;o__Holophagales;f__Holophagaceae;g__Geothrix;s__	96.83	0.88	3193786	122	67
3300021139-bin.49	d__Bacteria;p__Actinobacteriota;c__Acidimicrobiia;o__Acidimicrobiales;f__RAAP-2;g__RAAP-2;s__	88.03	2.56	1283939	113	54.7
3300021139-bin.5	d__Bacteria;p__Actinobacteriota;c__Actinobacteria;o__Nanopelagicales;f__Nanopelagicaceae;g__PALSA-747;s__	87.94	1.57	1134386	112	46.5
3300021142-bin.14	d__Bacteria;p__Proteobacteria;c__Gammaproteobacteria;o__Burkholderiales;f__Ferrovaceae;g__;s__	93.39	4.98	1642879	157	52.5
3300021142-bin.21	d__Bacteria;p__Bacteroidota;c__Chlorobia;o__Chlorobiales;f__Chlorobiaceae;g__Chlorobium;s__	90.38	0.55	2522640	231	45.6
3300021142-bin.23	d__Bacteria;p__Verrucomicrobiota;c__Verrucomicrobiae;o__Opitutales;f__Opitutaceae;g__Opitutus;s__	89.57	1.3	2865986	374	66.2
3300021142-bin.26	d__Bacteria;p__Acidobacteriota;c__Acidobacteriae;o__Bryobacterales;f__Bryobacteraceae;g__BOG-234;s__	96.64	0	4102461	202	63
3300021142-bin.27	d__Bacteria;p__Proteobacteria;c__Alphaproteobacteria;o__Rickettsiales;f__Rickettsiaceae;g__GCA-2402195;s__	99.05	5.21	1740974	96	35
3300021142-bin.34	d__Bacteria;p__Proteobacteria;c__Gammaproteobacteria;o__Steroidobacterales;f__Steroidobacteraceae;g__;s__	90.32	1.34	2940182	344	62.7
3300021142-bin.49	d__Bacteria;p__Bacteroidota;c__Bacteroidia;o__Chitinophagales;f__Chitinophagaceae;g__UBA1930;s__	93.63	1.81	3801730	372	34.5
3300021142-bin.51	d__Bacteria;p__Actinobacteriota;c__Acidimicrobiia;o__Acidimicrobiales;f__RAAP-2;g__;s__	78.11	2.14	1804419	308	64.1
3300021142-bin.53	d__Bacteria;p__Proteobacteria;c__Alphaproteobacteria;o__Rickettsiales;f__Rickettsiaceae;g__;s__	92.13	5.45	1359627	179	33.6
3300021142-bin.67	d__Bacteria;p__Proteobacteria;c__Gammaproteobacteria;o__Burkholderiales;f__Burkholderiaceae;g__Polynucleobacter;s__	82.56	2.8	1742828	214	45.1
3300021142-bin.73	d__Bacteria;p__Bacteroidota;c__Bacteroidia;o__Chitinophagales;f__LD1;g__UBA1941;s__	79.04	1.58	3533443	608	47.6
3300021142-bin.75	d__Bacteria;p__Proteobacteria;c__Gammaproteobacteria;o__Methylococcales;f__Methylomonadaceae;g__Methylovulum;s__	96.35	0.65	2802500	173	39.4
3300021142-bin.78	d__Bacteria;p__Bacteroidota;c__Bacteroidia;o__Bacteroidales;f__Prolixibacteraceae;g__;s__	75.93	3.78	4193958	741	41.7
3300021142-bin.84	d__Bacteria;p__Verrucomicrobiota;c__Verrucomicrobiae;o__Pedosphaerales;f__Pedosphaeraceae;g__Pedosphaera;s__	94.16	3.68	3691221	443	52.7